game_file,opponent,frame,period,game_clock,shot_clock,shooter_id,shooter_name,shooter_team,shooter_dist_to_rim_in,rim_x,rim_y,release_ball_x,release_ball_y,release_ball_z,min_ball_rim_3d_in,nearest_defender_id,nearest_defender_name,contest_distance_ft,closeout_speed_ft_s,closeout_delta_ft_500ms,contest_angle_deg,hand_up_in,shot_contest_quality
nba_game_0022500062_processed.parquet,Bucks,1146,1,11:41,7,1631157,Ryan Rollins,Bucks,344.94,516.0,0.0,270.147,226.646,93.209,13.43,1626181,Norman Powell,9.285,-2.045,-1.022,168.24,17.83,17.36
nba_game_0022500062_processed.parquet,Bucks,3966,1,11:00,6,1631157,Ryan Rollins,Bucks,284.25,516.0,0.0,504.131,280.474,91.022,13.0,1630558,Davion Mitchell,2.968,8.426,4.213,165.36,45.9,69.61
nba_game_0022500062_processed.parquet,Bucks,5724,1,10:31,12,1631260,AJ Green,Bucks,321.75,516.0,0.0,346.996,274.394,91.35,10.35,1626181,Norman Powell,5.831,2.305,1.153,170.11,36.98,38.24
nba_game_0022500062_processed.parquet,Bucks,7339,1,10:04,17,1631260,AJ Green,Bucks,382.08,516.0,0.0,133.562,-16.787,91.063,11.32,1630558,Davion Mitchell,6.329,6.874,3.437,107.93,10.2,47.13
nba_game_0022500062_processed.parquet,Bucks,18257,1,7:28,12,1631157,Ryan Rollins,Bucks,311.01,516.0,0.0,308.002,219.139,93.15,13.27,1628389,Bam Adebayo,6.466,5.669,2.835,162.29,44.56,48.63
nba_game_0022500062_processed.parquet,Bucks,47788,1,4:31,18,1628398,Kyle Kuzma,Bucks,309.12,516.0,0.0,210.495,26.425,91.278,12.07,1628389,Bam Adebayo,5.603,1.974,0.987,166.9,33.66,37.79
nba_game_0022500062_processed.parquet,Bucks,65829,1,3:06,3.1,1629018,Gary Trent Jr.,Bucks,309.68,516.0,0.0,376.12,267.696,92.464,12.78,1630696,Dru Smith,7.383,14.3,7.15,138.92,37.16,54.16
nba_game_0022500062_processed.parquet,Bucks,68348,1,2:24,11,1631157,Ryan Rollins,Bucks,318.76,516.0,0.0,210.24,54.154,90.571,12.41,1631323,Simone Fontecchio,7.727,14.797,7.398,137.2,46.79,52.95
nba_game_0022500062_processed.parquet,Bucks,76549,1,45.0,9,1630175,Cole Anthony,Bucks,307.9,516.0,0.0,300.704,201.694,92.19,17.67,1630696,Dru Smith,4.584,14.959,7.48,132.95,37.35,63.96
nba_game_0022500062_processed.parquet,Bucks,109695,2,10:07,12,1631157,Ryan Rollins,Bucks,283.63,516.0,0.0,494.166,-277.235,90.358,11.01,1642276,Kel'el Ware,5.161,12.808,6.404,112.32,44.02,61.94
nba_game_0022500062_processed.parquet,Bucks,113082,2,9:11,17,1626171,Bobby Portis,Bucks,317.27,516.0,0.0,200.963,44.91,91.785,10.06,1642276,Kel'el Ware,5.992,3.991,1.996,175.26,34.59,43.99
nba_game_0022500062_processed.parquet,Bucks,132404,2,7:58,8,1631157,Ryan Rollins,Bucks,368.02,516.0,0.0,160.052,0.256,90.302,10.45,1641796,Pelle Larsson,8.153,6.744,3.372,170.5,15.26,44.47
nba_game_0022500062_processed.parquet,Bucks,134700,2,7:20,6,1631157,Ryan Rollins,Bucks,295.61,516.0,0.0,423.55,269.875,91.449,11.39,1642276,Kel'el Ware,6.39,4.91,2.455,162.31,45.14,46.05
nba_game_0022500062_processed.parquet,Bucks,136144,2,6:56,12,1631260,AJ Green,Bucks,315.69,516.0,0.0,217.62,-102.802,91.349,10.8,1641796,Pelle Larsson,5.715,4.493,2.247,169.03,30.87,46.85
nba_game_0022500062_processed.parquet,Bucks,166086,2,3:38,2.3,1626167,Myles Turner,Bucks,314.04,516.0,0.0,231.561,110.884,90.18,11.66,1626181,Norman Powell,6.859,0.368,0.184,130.16,2.96,14.84
nba_game_0022500062_processed.parquet,Bucks,171117,2,2:14,14,1631260,AJ Green,Bucks,386.74,516.0,0.0,137.177,-94.155,91.011,10.77,1628389,Bam Adebayo,6.814,0.729,0.364,166.01,32.64,28.89
nba_game_0022500062_processed.parquet,Bucks,174742,2,1:46,17,1631157,Ryan Rollins,Bucks,317.02,516.0,0.0,226.931,107.75,90.217,12.73,1630558,Davion Mitchell,8.775,4.433,2.216,159.67,0.54,21.36
nba_game_0022500062_processed.parquet,Bucks,189334,2,3.9,1.7,1631157,Ryan Rollins,Bucks,323.82,516.0,0.0,301.612,-238.004,90.512,16.87,1629639,Tyler Herro,2.963,10.764,5.382,118.08,6.77,60.28
nba_game_0022500062_processed.parquet,Bucks,207709,3,10:43,12,1626167,Myles Turner,Bucks,353.25,-516.0,0.0,-183.722,92.694,91.183,4.39,1629639,Tyler Herro,6.597,5.052,2.526,136.54,7.67,37.25
nba_game_0022500062_processed.parquet,Bucks,208674,3,10:27,19,1629018,Gary Trent Jr.,Bucks,271.2,-516.0,0.0,-499.587,266.493,91.261,10.52,1630558,Davion Mitchell,5.283,15.509,7.755,168.85,42.95,61.51
nba_game_0022500062_processed.parquet,Bucks,214047,3,10:01,9,1631260,AJ Green,Bucks,325.51,-516.0,0.0,-176.887,-22.972,90.463,9.45,1629639,Tyler Herro,3.616,10.577,5.289,131.79,37.69,67.34
nba_game_0022500062_processed.parquet,Bucks,219533,3,9:27,1.4,1626167,Myles Turner,Bucks,300.88,-516.0,0.0,-271.593,162.402,91.059,7.91,203952,Andrew Wiggins,3.739,4.162,2.081,179.76,8.41,44.52
nba_game_0022500062_processed.parquet,Bucks,220558,3,9:09,21,1629018,Gary Trent Jr.,Bucks,306.63,-516.0,0.0,-366.344,-268.191,90.09,9.89,1626181,Norman Powell,5.267,4.83,2.415,151.96,28.94,49.68
nba_game_0022500062_processed.parquet,Bucks,251785,3,5:42,10,1631157,Ryan Rollins,Bucks,308.96,-516.0,0.0,-344.373,-245.508,90.562,12.09,1631170,Jaime Jaquez Jr.,10.031,4.1,2.05,171.13,2.09,17.12
nba_game_0022500062_processed.parquet,Bucks,271015,3,4:19,2.1,1631157,Ryan Rollins,Bucks,330.3,-516.0,0.0,-308.03,-243.917,91.418,9.33,1641796,Pelle Larsson,6.204,4.939,2.469,165.24,41.78,46.81
nba_game_0022500062_processed.parquet,Bucks,277087,3,2:51,9,1631157,Ryan Rollins,Bucks,311.31,-516.0,0.0,-256.297,-154.386,91.926,8.36,1630558,Davion Mitchell,5.949,11.494,5.747,149.02,36.85,59.18
nba_game_0022500062_processed.parquet,Bucks,304135,4,11:22,7,1631260,AJ Green,Bucks,344.1,-516.0,0.0,-172.009,-56.133,90.922,4.72,1641796,Pelle Larsson,5.086,5.638,2.819,122.38,42.24,53.34
nba_game_0022500062_processed.parquet,Bucks,328123,4,8:42,11,1631260,AJ Green,Bucks,329.46,-516.0,0.0,-316.219,-262.686,90.948,8.05,1641796,Pelle Larsson,4.003,1.922,0.961,168.48,44.38,43.2
nba_game_0022500062_processed.parquet,Bucks,346821,4,6:39,5,1626167,Myles Turner,Bucks,323.66,-516.0,0.0,-202.144,48.137,90.847,4.43,1641796,Pelle Larsson,6.254,11.87,5.935,172.21,39.26,58.11
nba_game_0022500062_processed.parquet,Bucks,347170,4,6:34,22,1631157,Ryan Rollins,Bucks,314.93,-516.0,0.0,-223.72,73.207,92.579,15.43,1629639,Tyler Herro,6.79,13.012,6.506,158.07,46.34,56.24
nba_game_0022500062_processed.parquet,Bucks,354423,4,4:55,19,1629018,Gary Trent Jr.,Bucks,305.81,-516.0,0.0,-324.657,228.811,90.774,6.96,203952,Andrew Wiggins,7.188,14.298,7.149,118.46,41.88,54.84
nba_game_0022500062_processed.parquet,Bucks,372159,4,3:14,20,1629018,Gary Trent Jr.,Bucks,324.96,-516.0,0.0,-327.556,-265.021,91.608,8.06,1630558,Davion Mitchell,4.382,5.259,2.629,170.15,41.51,54.38
nba_game_0022500062_processed.parquet,Bucks,375935,4,2:39,15,1629018,Gary Trent Jr.,Bucks,313.0,-516.0,0.0,-314.205,232.031,90.207,6.32,203952,Andrew Wiggins,5.787,10.589,5.294,148.45,33.74,59.74
nba_game_0022500062_processed.parquet,Bucks,382200,4,1:17,3.0,1629018,Gary Trent Jr.,Bucks,278.25,-516.0,0.0,-541.08,-274.536,90.792,15.71,1629639,Tyler Herro,3.816,4.284,2.142,154.65,3.15,40.34
nba_game_0022500062_processed.parquet,Bucks,382781,4,1:08,9,1629018,Gary Trent Jr.,Bucks,276.51,-516.0,0.0,-511.575,269.147,91.989,10.08,1626181,Norman Powell,9.109,8.368,4.184,113.23,8.44,40.15
nba_game_0022500062_processed.parquet,Bucks,387220,4,45.2,12,1629018,Gary Trent Jr.,Bucks,311.84,-516.0,0.0,-366.756,-265.763,90.534,10.97,1626181,Norman Powell,6.995,10.616,5.308,167.83,43.62,55.52
nba_game_0022500062_processed.parquet,Bucks,389543,4,6.5,,1626167,Myles Turner,Bucks,351.78,-516.0,0.0,-259.92,232.428,91.078,10.52,1628389,Bam Adebayo,5.643,11.46,5.73,170.79,36.2,60.25
nba_game_0022500296_processed.parquet,Pistons,1688,1,11:33,12,202699,Tobias Harris,Pistons,270.64,-516.0,0.0,-501.836,259.177,90.464,12.85,203952,Andrew Wiggins,9.63,12.44,6.22,164.32,38.5,46.29
nba_game_0022500296_processed.parquet,Pistons,6223,1,11:06,13,1629130,Duncan Robinson,Pistons,278.35,-516.0,0.0,-469.194,269.269,91.423,11.62,1629639,Tyler Herro,5.855,15.201,7.6,147.34,11.03,53.7
nba_game_0022500296_processed.parquet,Pistons,13550,1,10:18,17,1629130,Duncan Robinson,Pistons,318.98,-516.0,0.0,-347.894,264.675,91.185,7.49,1630558,Davion Mitchell,4.918,4.605,2.303,147.2,0.67,35.62
nba_game_0022500296_processed.parquet,Pistons,20730,1,8:34,9,1630595,Cade Cunningham,Pistons,332.02,-516.0,0.0,-195.185,14.069,90.714,10.69,203952,Andrew Wiggins,7.28,1.326,0.663,174.48,45.73,29.5
nba_game_0022500296_processed.parquet,Pistons,29154,1,7:28,10,1629130,Duncan Robinson,Pistons,310.88,-516.0,0.0,-232.141,101.783,92.107,9.11,1626181,Norman Powell,14.979,9.497,4.748,170.81,0.09,30.08
nba_game_0022500296_processed.parquet,Pistons,58580,1,4:33,5,1631093,Jaden Ivey,Pistons,311.81,-516.0,0.0,-224.206,52.248,92.749,7.88,203952,Andrew Wiggins,5.263,1.869,0.934,128.37,34.7,38.59
nba_game_0022500296_processed.parquet,Pistons,61704,1,4:06,16,1630595,Cade Cunningham,Pistons,319.31,-516.0,0.0,-240.965,147.308,91.294,9.74,1630558,Davion Mitchell,4.902,7.194,3.597,175.72,34.96,59.82
nba_game_0022500296_processed.parquet,Pistons,78998,1,2:48,13,1629130,Duncan Robinson,Pistons,285.39,-516.0,0.0,-496.547,278.84,90.994,16.52,1629639,Tyler Herro,3.34,14.16,7.08,136.14,21.46,68.31
nba_game_0022500296_processed.parquet,Pistons,123329,2,10:44,11,1629130,Duncan Robinson,Pistons,328.48,-516.0,0.0,-192.784,32.952,91.562,7.17,1631107,Nikola Jovic,3.487,14.575,7.288,121.65,50.02,67.8
nba_game_0022500296_processed.parquet,Pistons,146072,2,9:15,8,1630194,Paul Reed,Pistons,274.73,-516.0,0.0,-505.336,265.712,90.267,15.27,1629639,Tyler Herro,12.626,4.036,2.018,125.02,1.56,16.43
nba_game_0022500296_processed.parquet,Pistons,158918,2,6:30,9,1629750,Javonte Green,Pistons,276.08,-516.0,0.0,-505.036,-272.739,90.021,13.46,1626181,Norman Powell,5.274,8.639,4.32,154.87,41.27,61.54
nba_game_0022500296_processed.parquet,Pistons,160722,2,5:59,11,1630595,Cade Cunningham,Pistons,319.9,-516.0,0.0,-209.986,67.247,90.069,12.59,1626181,Norman Powell,5.82,2.815,1.407,174.31,40.05,40.18
nba_game_0022500296_processed.parquet,Pistons,169565,2,4:40,12,202699,Tobias Harris,Pistons,312.78,-516.0,0.0,-229.001,-92.13,91.847,10.54,1628389,Bam Adebayo,8.376,12.183,6.091,152.04,48.62,50.68
nba_game_0022500296_processed.parquet,Pistons,181498,2,3:21,13,202699,Tobias Harris,Pistons,312.97,-516.0,0.0,-217.86,-57.964,91.285,10.83,203952,Andrew Wiggins,6.196,0.641,0.32,167.57,9.88,23.95
nba_game_0022500296_processed.parquet,Pistons,213382,2,0.8,,1630595,Cade Cunningham,Pistons,309.26,-516.0,0.0,-344.737,-251.307,91.547,15.26,203952,Andrew Wiggins,4.588,6.422,3.211,172.7,41.95,58.03
nba_game_0022500296_processed.parquet,Pistons,233711,3,10:35,13,1630191,Isaiah Stewart,Pistons,316.01,516.0,0.0,260.199,-171.546,91.255,12.69,1630558,Davion Mitchell,5.883,7.878,3.939,165.48,40.89,58.95
nba_game_0022500296_processed.parquet,Pistons,249825,3,8:12,13,1629130,Duncan Robinson,Pistons,278.43,516.0,0.0,521.28,270.432,90.839,16.71,1628389,Bam Adebayo,6.649,14.404,7.202,162.2,30.99,56.73
nba_game_0022500296_processed.parquet,Pistons,283482,3,4:44,5,1630194,Paul Reed,Pistons,274.19,516.0,0.0,525.701,263.445,91.504,16.09,1642276,Kel'el Ware,5.851,11.193,5.597,179.44,50.47,59.52
nba_game_0022500296_processed.parquet,Pistons,296039,3,4:17,12,1629130,Duncan Robinson,Pistons,311.92,516.0,0.0,306.708,219.805,90.101,11.54,1630558,Davion Mitchell,11.512,10.162,5.081,167.81,13.76,41.47
nba_game_0022500296_processed.parquet,Pistons,322004,3,31.4,18,1631093,Jaden Ivey,Pistons,351.48,516.0,0.0,217.57,155.598,92.959,12.17,1641796,Pelle Larsson,9.318,2.959,1.479,164.51,11.93,23.43
nba_game_0022500296_processed.parquet,Pistons,337943,4,11:18,6,202699,Tobias Harris,Pistons,274.85,516.0,0.0,506.46,262.382,91.527,11.86,203952,Andrew Wiggins,19.218,5.495,2.747,110.92,0.69,21.18
nba_game_0022500296_processed.parquet,Pistons,355850,4,8:32,15,202699,Tobias Harris,Pistons,304.76,516.0,0.0,318.081,216.771,91.794,12.05,1641796,Pelle Larsson,7.245,8.985,4.492,145.69,3.44,42.51
nba_game_0022500296_processed.parquet,Pistons,418320,4,2:12,3.8,202699,Tobias Harris,Pistons,277.41,516.0,0.0,537.768,263.458,91.94,7.61,203952,Andrew Wiggins,8.327,12.811,6.406,163.01,44.95,50.86
nba_game_0022500313_processed.parquet,Clippers,1123,1,11:43,8,1628381,John Collins,Clippers,269.6,516.0,0.0,509.159,265.766,92.415,10.79,1626181,Norman Powell,4.693,12.438,6.219,136.78,42.92,63.57
nba_game_0022500313_processed.parquet,Clippers,4797,1,10:53,13,1628381,John Collins,Clippers,271.05,516.0,0.0,500.225,-266.334,91.042,8.64,1628389,Bam Adebayo,8.883,13.081,6.541,151.29,38.0,48.91
nba_game_0022500313_processed.parquet,Clippers,12881,1,9:05,20,1627739,Kris Dunn,Clippers,347.99,516.0,0.0,211.729,-84.911,91.94,14.07,1628389,Bam Adebayo,6.682,-6.645,-3.322,156.25,4.58,15.43
nba_game_0022500313_processed.parquet,Clippers,18689,1,8:44,16,201935,James Harden,Clippers,325.14,516.0,0.0,199.441,56.809,91.828,12.03,1626181,Norman Powell,9.576,-6.088,-3.044,172.11,32.34,16.48
nba_game_0022500313_processed.parquet,Clippers,48283,1,5:09,10,1627739,Kris Dunn,Clippers,284.11,516.0,0.0,443.136,266.367,90.359,10.97,1630558,Davion Mitchell,9.185,14.486,7.243,156.76,41.86,47.85
nba_game_0022500313_processed.parquet,Clippers,80859,1,2:09,7,1641738,Kobe Brown,Clippers,317.86,516.0,0.0,235.973,-126.098,91.447,9.47,1631170,Jaime Jaquez Jr.,7.437,13.087,6.544,170.57,45.45,53.97
nba_game_0022500313_processed.parquet,Clippers,129674,2,8:50,11,201587,Nicolas Batum,Clippers,314.58,516.0,0.0,265.637,-176.062,91.34,13.45,1641796,Pelle Larsson,6.593,14.032,7.016,145.58,42.04,56.93
nba_game_0022500313_processed.parquet,Clippers,174635,2,4:12,10,202695,Kawhi Leonard,Clippers,310.59,516.0,0.0,339.93,243.02,92.099,10.34,1626181,Norman Powell,6.086,13.381,6.69,149.26,44.63,58.7
nba_game_0022500313_processed.parquet,Clippers,187505,2,3:43,11,201935,James Harden,Clippers,314.62,516.0,0.0,350.875,-261.752,91.334,7.84,1630558,Davion Mitchell,2.995,5.537,2.768,130.95,4.61,49.12
nba_game_0022500313_processed.parquet,Clippers,200555,2,2:11,9,1642920,Kobe Sanders,Clippers,324.16,516.0,0.0,293.668,223.301,92.879,11.24,1630558,Davion Mitchell,7.846,4.572,2.286,133.27,4.07,28.07
nba_game_0022500313_processed.parquet,Clippers,216672,2,29.8,15,201935,James Harden,Clippers,336.62,516.0,0.0,199.702,103.818,91.557,11.65,1631170,Jaime Jaquez Jr.,4.596,0.756,0.378,173.5,44.37,36.75
nba_game_0022500313_processed.parquet,Clippers,250185,3,9:18,15,1642353,Cam Christie,Clippers,306.21,-516.0,0.0,-212.499,-4.05,91.48,7.27,1629639,Tyler Herro,9.314,-3.563,-1.782,166.62,11.26,11.79
nba_game_0022500313_processed.parquet,Clippers,263446,3,6:58,14,1642920,Kobe Sanders,Clippers,302.49,-516.0,0.0,-393.835,271.273,90.422,17.15,1626181,Norman Powell,7.777,12.625,6.313,179.65,44.16,52.78
nba_game_0022500313_processed.parquet,Clippers,281412,3,5:10,19,101108,Chris Paul,Clippers,280.28,-516.0,0.0,-508.581,-273.627,91.643,16.1,203952,Andrew Wiggins,6.296,12.946,6.473,151.88,32.92,57.96
nba_game_0022500313_processed.parquet,Clippers,286312,3,3:48,6,101108,Chris Paul,Clippers,329.35,-516.0,0.0,-192.235,-31.323,91.278,9.77,1631170,Jaime Jaquez Jr.,5.179,0.52,0.26,175.3,40.22,33.82
nba_game_0022500313_processed.parquet,Clippers,295440,3,1:54,18,202695,Kawhi Leonard,Clippers,313.76,-516.0,0.0,-227.976,107.511,90.163,12.2,1631170,Jaime Jaquez Jr.,4.88,4.057,2.028,177.96,43.08,48.13
nba_game_0022500313_processed.parquet,Clippers,297149,3,1:25,18,1642353,Cam Christie,Clippers,277.76,-516.0,0.0,-505.101,275.349,90.519,12.12,1631323,Simone Fontecchio,7.015,8.099,4.049,163.92,44.59,55.45
nba_game_0022500313_processed.parquet,Clippers,304311,3,33.1,9,202695,Kawhi Leonard,Clippers,351.43,-516.0,0.0,-195.4,125.574,91.449,9.49,1631170,Jaime Jaquez Jr.,5.02,4.974,2.487,177.98,40.78,51.08
nba_game_0022500313_processed.parquet,Clippers,333635,4,8:55,11,1628381,John Collins,Clippers,270.25,-516.0,0.0,-510.98,-264.448,90.471,8.33,1631323,Simone Fontecchio,13.917,9.355,4.678,130.55,9.1,37.58
nba_game_0022500313_processed.parquet,Clippers,348730,4,8:10,7,201587,Nicolas Batum,Clippers,303.79,-516.0,0.0,-340.297,239.633,90.08,11.04,1629639,Tyler Herro,11.112,-9.939,-4.969,65.38,3.17,8.12
nba_game_0022500313_processed.parquet,Clippers,365060,4,5:44,6,202695,Kawhi Leonard,Clippers,306.03,-516.0,0.0,-386.354,269.323,90.202,11.49,1630558,Davion Mitchell,4.425,2.762,1.381,178.28,40.05,44.87
nba_game_0022500313_processed.parquet,Clippers,377892,4,5:08,6,202695,Kawhi Leonard,Clippers,281.93,-516.0,0.0,-445.867,264.726,90.58,9.84,203952,Andrew Wiggins,5.041,2.28,1.14,174.23,33.72,40.91
nba_game_0022500332_processed.parquet,Mavericks,18197,1,9:24,12,1630230,Naji Marshall,Mavericks,276.03,-516.0,0.0,-528.732,-272.832,90.977,13.15,1630558,Davion Mitchell,4.976,9.796,4.898,147.04,36.67,62.58
nba_game_0022500332_processed.parquet,Mavericks,20516,1,8:58,18,1642843,Cooper Flagg,Mavericks,296.71,-516.0,0.0,-262.995,150.974,90.435,11.3,1641796,Pelle Larsson,10.008,5.105,2.552,83.06,4.5,24.43
nba_game_0022500332_processed.parquet,Mavericks,33266,1,7:08,16,1631108,Max Christie,Mavericks,330.37,-516.0,0.0,-192.4,-32.116,91.851,11.91,1629639,Tyler Herro,5.987,16.566,8.283,132.41,40.86,59.05
nba_game_0022500332_processed.parquet,Mavericks,50074,1,5:33,11,202691,Klay Thompson,Mavericks,305.29,-516.0,0.0,-302.84,-214.349,90.704,10.54,1641796,Pelle Larsson,4.498,11.436,5.718,148.94,44.75,64.26
nba_game_0022500332_processed.parquet,Mavericks,58572,1,3:54,18,202691,Klay Thompson,Mavericks,325.28,-516.0,0.0,-295.551,-235.1,91.088,9.88,1630696,Dru Smith,4.743,13.583,6.792,150.7,15.33,61.17
nba_game_0022500332_processed.parquet,Mavericks,63173,1,3:33,15,202691,Klay Thompson,Mavericks,350.23,-516.0,0.0,-178.723,-74.959,90.18,9.81,1630696,Dru Smith,3.884,10.601,5.301,125.56,40.32,66.41
nba_game_0022500332_processed.parquet,Mavericks,89120,1,1:39,1.1,202691,Klay Thompson,Mavericks,285.4,-516.0,0.0,-409.335,-260.236,90.088,7.69,1629639,Tyler Herro,5.806,6.773,3.387,148.66,34.71,55.08
nba_game_0022500332_processed.parquet,Mavericks,125483,2,10:40,6,203076,Anthony Davis,Mavericks,277.39,-516.0,0.0,-491.804,277.936,90.29,13.49,1642276,Kel'el Ware,9.18,13.474,6.737,174.54,27.76,47.87
nba_game_0022500332_processed.parquet,Mavericks,127660,2,10:17,20,202691,Klay Thompson,Mavericks,303.8,-516.0,0.0,-359.792,257.124,91.362,15.1,1630696,Dru Smith,6.732,12.1,6.05,132.86,22.82,56.44
nba_game_0022500332_processed.parquet,Mavericks,141587,2,7:24,5,1630230,Naji Marshall,Mavericks,270.77,-516.0,0.0,-501.608,265.368,91.604,12.27,1629639,Tyler Herro,5.156,14.051,7.025,152.51,42.02,61.95
nba_game_0022500332_processed.parquet,Mavericks,144225,2,6:40,8,1642948,Ryan Nembhard,Mavericks,316.04,-516.0,0.0,-215.507,18.156,93.206,12.98,1631323,Simone Fontecchio,3.909,10.945,5.472,134.57,42.97,66.32
nba_game_0022500332_processed.parquet,Mavericks,145711,2,6:16,14,1642948,Ryan Nembhard,Mavericks,348.81,-516.0,0.0,-243.473,-189.478,90.493,13.99,1630558,Davion Mitchell,7.681,15.156,7.578,161.2,42.98,53.12
nba_game_0022500332_processed.parquet,Mavericks,162650,2,4:58,3.2,1631108,Max Christie,Mavericks,297.93,-516.0,0.0,-438.026,-281.225,91.389,9.95,203952,Andrew Wiggins,7.191,6.419,3.21,173.59,44.8,48.9
nba_game_0022500332_processed.parquet,Mavericks,167817,2,3:53,16,1642948,Ryan Nembhard,Mavericks,312.17,-516.0,0.0,-239.434,109.257,92.06,11.44,1641796,Pelle Larsson,7.106,5.849,2.924,171.2,41.62,47.06
nba_game_0022500332_processed.parquet,Mavericks,222246,3,11:02,12,1631108,Max Christie,Mavericks,331.09,516.0,0.0,191.385,11.938,91.217,10.51,1630558,Davion Mitchell,6.427,15.414,7.707,146.52,41.56,57.51
nba_game_0022500332_processed.parquet,Mavericks,224484,3,10:25,14,1642948,Ryan Nembhard,Mavericks,302.74,516.0,0.0,348.795,255.02,93.339,14.59,1628389,Bam Adebayo,2.548,5.47,2.735,118.12,41.01,61.59
nba_game_0022500332_processed.parquet,Mavericks,229595,3,9:18,7,203076,Anthony Davis,Mavericks,318.84,516.0,0.0,210.991,91.59,91.772,12.19,1628389,Bam Adebayo,9.441,6.389,3.195,174.14,44.6,40.92
nba_game_0022500332_processed.parquet,Mavericks,234434,3,7:57,19,1630230,Naji Marshall,Mavericks,274.72,516.0,0.0,501.621,-270.119,90.619,10.81,203952,Andrew Wiggins,5.892,8.416,4.208,147.52,34.34,59.38
nba_game_0022500332_processed.parquet,Mavericks,251637,3,6:33,4.1,202691,Klay Thompson,Mavericks,285.36,516.0,0.0,449.497,-274.928,91.331,13.4,1629639,Tyler Herro,5.95,8.46,4.23,143.16,30.58,59.18
nba_game_0022500332_processed.parquet,Mavericks,280956,3,2:46,8,1630314,Brandon Williams,Mavericks,319.23,516.0,0.0,207.168,-63.757,91.631,9.1,1630696,Dru Smith,8.775,12.976,6.488,173.74,37.8,49.29
nba_game_0022500332_processed.parquet,Mavericks,292753,3,1:02,3.0,1626156,D'Angelo Russell,Mavericks,350.65,516.0,0.0,169.683,-8.019,92.34,11.58,1631170,Jaime Jaquez Jr.,4.351,4.667,2.333,159.1,45.3,52.27
nba_game_0022500332_processed.parquet,Mavericks,294798,3,30.8,14,1626156,D'Angelo Russell,Mavericks,321.58,516.0,0.0,229.723,138.662,91.095,11.03,1631323,Simone Fontecchio,8.303,15.751,7.875,153.84,13.48,47.18
nba_game_0022500332_processed.parquet,Mavericks,297012,3,2.4,,202691,Klay Thompson,Mavericks,288.44,516.0,0.0,465.325,281.354,91.245,10.33,1631323,Simone Fontecchio,5.498,12.361,6.181,172.5,45.48,60.76
nba_game_0022500332_processed.parquet,Mavericks,308498,4,11:32,9,202691,Klay Thompson,Mavericks,275.1,516.0,0.0,533.837,-270.458,90.632,13.67,1629639,Tyler Herro,5.618,8.107,4.053,159.07,41.51,60.34
nba_game_0022500332_processed.parquet,Mavericks,313263,4,10:39,14,202691,Klay Thompson,Mavericks,291.65,516.0,0.0,452.458,-284.866,90.347,11.23,1629639,Tyler Herro,4.002,5.517,2.759,151.23,36.4,56.68
nba_game_0022500332_processed.parquet,Mavericks,315888,4,9:55,13,1626156,D'Angelo Russell,Mavericks,332.77,516.0,0.0,188.543,-1.247,91.142,7.38,1631170,Jaime Jaquez Jr.,6.221,9.021,4.511,156.12,47.11,58.23
nba_game_0022500332_processed.parquet,Mavericks,353594,4,6:18,7,1630230,Naji Marshall,Mavericks,278.56,516.0,0.0,504.442,-274.404,90.49,12.15,1631170,Jaime Jaquez Jr.,5.965,13.091,6.546,142.95,39.17,59.12
nba_game_0022500332_processed.parquet,Mavericks,406411,4,25.1,2.5,1642948,Ryan Nembhard,Mavericks,265.74,516.0,0.0,257.596,46.436,91.1,10.04,203952,Andrew Wiggins,6.103,4.16,2.08,157.75,42.8,44.24
nba_game_0022500513_processed.parquet,Timberwolves,954,1,11:49,15,1630162,Anthony Edwards,Timberwolves,349.53,516.0,0.0,271.929,250.371,91.401,11.13,1630558,Davion Mitchell,4.989,17.217,8.609,106.48,39.04,62.54
nba_game_0022500513_processed.parquet,Timberwolves,4368,1,11:08,13,1628978,Donte DiVincenzo,Timberwolves,280.3,516.0,0.0,519.447,268.278,91.2,11.91,203952,Andrew Wiggins,8.454,8.927,4.463,139.47,38.61,50.41
nba_game_0022500513_processed.parquet,Timberwolves,5225,1,10:53,21,1628978,Donte DiVincenzo,Timberwolves,373.09,516.0,0.0,213.95,203.993,92.639,12.15,203952,Andrew Wiggins,6.876,0.209,0.105,171.23,17.47,26.28
nba_game_0022500513_processed.parquet,Timberwolves,8294,1,10:22,10,1630162,Anthony Edwards,Timberwolves,315.7,516.0,0.0,206.856,-57.113,90.145,9.71,1630558,Davion Mitchell,4.365,7.338,3.669,106.73,25.9,62.24
nba_game_0022500513_processed.parquet,Timberwolves,14921,1,8:53,15,203944,Julius Randle,Timberwolves,314.58,516.0,0.0,339.839,-254.422,90.762,15.82,1628389,Bam Adebayo,5.267,4.421,2.21,158.87,37.5,48.14
nba_game_0022500513_processed.parquet,Timberwolves,21375,1,7:31,14,1628978,Donte DiVincenzo,Timberwolves,337.69,516.0,0.0,294.929,-235.359,91.155,8.86,203952,Andrew Wiggins,7.746,-0.338,-0.169,172.27,26.94,22.89
nba_game_0022500513_processed.parquet,Timberwolves,50920,1,4:26,16,1630183,Jaden McDaniels,Timberwolves,314.59,516.0,0.0,213.02,79.35,90.168,11.12,1626181,Norman Powell,8.155,1.552,0.776,154.38,5.03,16.47
nba_game_0022500513_processed.parquet,Timberwolves,59410,1,2:46,16,1629675,Naz Reid,Timberwolves,332.27,516.0,0.0,201.677,-76.487,90.114,10.58,1631107,Nikola Jovic,6.15,2.023,1.012,175.44,37.47,36.06
nba_game_0022500513_processed.parquet,Timberwolves,85942,1,3.1,,1629675,Naz Reid,Timberwolves,282.71,516.0,0.0,519.463,276.757,91.935,13.41,1631107,Nikola Jovic,7.947,14.093,7.047,153.15,42.8,52.18
nba_game_0022500513_processed.parquet,Timberwolves,101351,2,11:32,12,1630538,Bones Hyland,Timberwolves,327.65,516.0,0.0,253.138,-163.994,92.301,6.71,1641796,Pelle Larsson,5.947,9.164,4.582,157.98,32.13,59.19
nba_game_0022500513_processed.parquet,Timberwolves,103061,2,11:03,18,1629675,Naz Reid,Timberwolves,280.84,516.0,0.0,512.39,-272.813,91.068,15.66,1629639,Tyler Herro,11.185,13.655,6.827,152.18,28.37,45.0
nba_game_0022500513_processed.parquet,Timberwolves,112774,2,9:39,14,1630538,Bones Hyland,Timberwolves,328.4,516.0,0.0,244.455,-155.192,90.616,9.69,203952,Andrew Wiggins,6.535,13.315,6.657,172.95,39.94,57.13
nba_game_0022500513_processed.parquet,Timberwolves,158777,2,4:36,16,1630162,Anthony Edwards,Timberwolves,319.85,516.0,0.0,203.979,-67.914,91.195,9.5,1641796,Pelle Larsson,3.935,5.196,2.598,72.37,13.88,56.2
nba_game_0022500513_processed.parquet,Timberwolves,167173,2,3:27,7,1630162,Anthony Edwards,Timberwolves,306.38,516.0,0.0,270.812,185.838,91.866,9.02,1641796,Pelle Larsson,3.593,7.178,3.589,142.75,42.7,64.34
nba_game_0022500513_processed.parquet,Timberwolves,192363,2,2:09,21,201144,Mike Conley,Timberwolves,514.15,516.0,0.0,82.101,198.503,92.2,14.73,1630558,Davion Mitchell,5.337,-5.029,-2.514,164.01,32.24,31.32
nba_game_0022500513_processed.parquet,Timberwolves,193615,2,1:48,17,1628978,Donte DiVincenzo,Timberwolves,283.3,516.0,0.0,509.917,-272.614,93.438,7.67,1626181,Norman Powell,6.629,13.105,6.553,179.65,25.9,56.8
nba_game_0022500513_processed.parquet,Timberwolves,201612,2,1:02,11,1628978,Donte DiVincenzo,Timberwolves,332.67,516.0,0.0,209.165,-93.759,91.648,8.84,1629639,Tyler Herro,9.891,11.514,5.757,136.4,35.45,45.38
nba_game_0022500513_processed.parquet,Timberwolves,219606,3,10:53,15,1630162,Anthony Edwards,Timberwolves,311.6,-516.0,0.0,-243.238,149.883,91.871,13.38,1630558,Davion Mitchell,5.342,2.824,1.412,84.24,12.87,38.89
nba_game_0022500513_processed.parquet,Timberwolves,221190,3,10:27,14,1628978,Donte DiVincenzo,Timberwolves,338.78,-516.0,0.0,-291.986,235.374,93.01,9.32,1630558,Davion Mitchell,6.077,10.199,5.1,155.39,38.87,58.73
nba_game_0022500513_processed.parquet,Timberwolves,245321,3,8:27,11,1630162,Anthony Edwards,Timberwolves,309.02,-516.0,0.0,-271.56,185.198,90.192,10.39,1630558,Davion Mitchell,5.526,8.706,4.353,174.03,41.66,60.66
nba_game_0022500513_processed.parquet,Timberwolves,248077,3,7:41,2.2,1630162,Anthony Edwards,Timberwolves,302.4,-516.0,0.0,-419.154,286.79,90.629,15.62,1626181,Norman Powell,4.406,4.907,2.454,150.24,29.32,52.98
nba_game_0022500513_processed.parquet,Timberwolves,281082,3,2:53,23,1628978,Donte DiVincenzo,Timberwolves,304.3,516.0,0.0,284.453,-174.188,91.944,11.09,1628389,Bam Adebayo,18.047,-4.073,-2.036,106.13,1.0,0.83
nba_game_0022500513_processed.parquet,Timberwolves,294657,3,2:43,13,201144,Mike Conley,Timberwolves,312.71,-516.0,0.0,-251.524,137.285,92.698,11.26,1630558,Davion Mitchell,5.996,8.527,4.263,148.87,34.85,59.01
nba_game_0022500513_processed.parquet,Timberwolves,300946,3,1:48,14,1629675,Naz Reid,Timberwolves,339.13,-516.0,0.0,-209.883,127.78,93.23,9.63,1631107,Nikola Jovic,6.939,14.371,7.185,153.33,46.42,55.71
nba_game_0022500513_processed.parquet,Timberwolves,306122,3,1:08,1.6,203944,Julius Randle,Timberwolves,415.49,-516.0,0.0,-186.028,243.539,92.253,10.31,1630558,Davion Mitchell,4.486,8.469,4.234,172.2,43.19,64.3
nba_game_0022500513_processed.parquet,Timberwolves,307435,3,48.9,16,1628978,Donte DiVincenzo,Timberwolves,346.07,-516.0,0.0,-276.339,228.106,93.052,11.29,1641796,Pelle Larsson,6.24,6.903,3.451,178.26,42.27,54.04
nba_game_0022500513_processed.parquet,Timberwolves,308986,3,28.0,17,1628978,Donte DiVincenzo,Timberwolves,364.45,-516.0,0.0,-254.364,-230.138,93.896,8.9,1631107,Nikola Jovic,5.556,5.703,2.852,154.29,47.55,51.94
nba_game_0022500513_processed.parquet,Timberwolves,325586,4,11:39,3.9,1630538,Bones Hyland,Timberwolves,364.69,-516.0,0.0,-170.396,14.579,92.43,17.71,1631107,Nikola Jovic,5.84,1.238,0.619,169.46,30.41,34.2
nba_game_0022500513_processed.parquet,Timberwolves,339536,4,8:44,16,1630538,Bones Hyland,Timberwolves,316.63,-516.0,0.0,-220.581,41.874,92.441,9.93,1642276,Kel'el Ware,14.018,1.434,0.717,150.03,2.47,7.43
nba_game_0022500513_processed.parquet,Timberwolves,354102,4,8:14,12,1630538,Bones Hyland,Timberwolves,330.46,-516.0,0.0,-334.398,-255.818,92.651,11.31,1626181,Norman Powell,6.775,3.651,1.825,132.3,39.38,39.98
nba_game_0022500513_processed.parquet,Timberwolves,357824,4,7:49,16,1630183,Jaden McDaniels,Timberwolves,311.44,-516.0,0.0,-357.541,-264.508,90.622,11.88,1641796,Pelle Larsson,11.279,4.738,2.369,176.76,35.02,32.77
nba_game_0022500513_processed.parquet,Timberwolves,369956,4,5:43,1.5,1630183,Jaden McDaniels,Timberwolves,325.69,-516.0,0.0,-222.415,-141.31,91.289,9.01,1641796,Pelle Larsson,7.637,18.186,9.093,143.78,44.3,53.27
nba_game_0022500513_processed.parquet,Timberwolves,416113,4,40.2,21,1642265,Rob Dillingham,Timberwolves,410.79,-516.0,0.0,-130.744,33.59,91.395,8.36,1642352,Keshad Johnson,4.523,6.539,3.27,123.95,5.99,48.69
nba_game_0022500553_processed.parquet,Thunder,3982,1,10:54,15,1631096,Chet Holmgren,Thunder,298.83,516.0,0.0,339.688,231.774,91.373,16.69,1628389,Bam Adebayo,5.105,7.817,3.909,170.6,47.34,61.45
nba_game_0022500553_processed.parquet,Thunder,9521,1,9:40,16,1628983,Shai Gilgeous-Alexander,Thunder,327.37,516.0,0.0,203.512,-33.014,91.883,10.64,1628389,Bam Adebayo,10.456,12.187,6.093,171.35,15.82,43.18
nba_game_0022500553_processed.parquet,Thunder,32654,1,7:20,15,1628983,Shai Gilgeous-Alexander,Thunder,306.87,516.0,0.0,364.431,257.427,90.482,9.8,1641796,Pelle Larsson,5.92,3.628,1.814,167.55,43.78,42.88
nba_game_0022500553_processed.parquet,Thunder,38106,1,6:36,16,1631096,Chet Holmgren,Thunder,315.84,516.0,0.0,252.99,159.733,90.23,12.21,203952,Andrew Wiggins,4.719,2.231,1.115,167.81,42.92,41.85
nba_game_0022500553_processed.parquet,Thunder,43529,1,5:22,18,1631096,Chet Holmgren,Thunder,281.1,516.0,0.0,491.146,271.72,90.631,15.77,1629639,Tyler Herro,6.314,12.753,6.377,147.01,17.62,57.59
nba_game_0022500553_processed.parquet,Thunder,59357,1,4:08,5,1630198,Isaiah Joe,Thunder,339.9,516.0,0.0,277.081,230.478,93.884,10.28,1630558,Davion Mitchell,6.218,14.346,7.173,174.36,24.07,58.24
nba_game_0022500553_processed.parquet,Thunder,63951,1,3:25,18,1631119,Jaylin Williams,Thunder,314.44,516.0,0.0,201.293,-0.002,90.367,9.28,1642276,Kel'el Ware,9.592,6.174,3.087,171.32,25.2,39.58
nba_game_0022500553_processed.parquet,Thunder,68050,1,3:00,5,1631119,Jaylin Williams,Thunder,313.21,516.0,0.0,278.347,-200.135,92.014,11.57,1630696,Dru Smith,4.945,12.524,6.262,123.38,40.53,62.69
nba_game_0022500553_processed.parquet,Thunder,110731,2,10:44,16,1642349,Ajay Mitchell,Thunder,313.85,516.0,0.0,269.507,176.867,91.846,6.75,1642276,Kel'el Ware,6.062,4.097,2.049,177.35,47.96,44.15
nba_game_0022500553_processed.parquet,Thunder,122791,2,10:17,8,1630598,Aaron Wiggins,Thunder,281.98,516.0,0.0,507.007,272.507,92.45,14.87,203952,Andrew Wiggins,7.9,17.644,8.822,177.05,48.42,52.35
nba_game_0022500553_processed.parquet,Thunder,124703,2,9:47,12,1630598,Aaron Wiggins,Thunder,315.89,516.0,0.0,294.021,209.852,91.635,14.98,1630696,Dru Smith,9.185,2.129,1.064,157.78,13.25,21.88
nba_game_0022500553_processed.parquet,Thunder,128457,2,9:04,14,1631096,Chet Holmgren,Thunder,272.79,516.0,0.0,504.879,262.854,91.791,17.84,1642276,Kel'el Ware,5.743,12.681,6.34,164.51,42.62,59.9
nba_game_0022500553_processed.parquet,Thunder,147420,2,6:40,18,1630598,Aaron Wiggins,Thunder,335.25,516.0,0.0,214.75,-131.844,91.38,9.08,1641796,Pelle Larsson,6.245,13.316,6.658,161.25,46.54,58.14
nba_game_0022500553_processed.parquet,Thunder,171982,2,4:01,7,1629652,Luguentz Dort,Thunder,338.2,516.0,0.0,230.552,-168.25,91.421,9.27,1631107,Nikola Jovic,5.997,10.431,5.215,174.64,43.08,59.01
nba_game_0022500553_processed.parquet,Thunder,192787,2,1:27,6,1641717,Cason Wallace,Thunder,278.05,516.0,0.0,479.393,274.044,91.846,15.61,1631107,Nikola Jovic,6.626,8.418,4.209,141.36,41.99,56.81
nba_game_0022500553_processed.parquet,Thunder,200466,2,32.5,10,1631114,Jalen Williams,Thunder,316.6,516.0,0.0,269.359,180.976,90.078,8.65,1641796,Pelle Larsson,8.965,16.584,8.292,159.99,43.1,48.62
nba_game_0022500553_processed.parquet,Thunder,202593,2,0.6,,1642349,Ajay Mitchell,Thunder,669.03,516.0,0.0,-139.48,-2.995,92.33,16.86,1641796,Pelle Larsson,9.678,1.357,0.679,127.48,3.79,9.38
nba_game_0022500553_processed.parquet,Thunder,246571,3,6:46,9,1628983,Shai Gilgeous-Alexander,Thunder,312.11,-516.0,0.0,-295.809,203.232,90.9,14.92,203952,Andrew Wiggins,7.317,12.935,6.467,176.87,36.53,54.39
nba_game_0022500553_processed.parquet,Thunder,269418,3,4:58,15,1628983,Shai Gilgeous-Alexander,Thunder,326.78,-516.0,0.0,-203.444,-81.582,90.882,7.93,1629639,Tyler Herro,4.064,0.686,0.343,176.09,0.33,23.62
nba_game_0022500553_processed.parquet,Thunder,278017,3,3:53,13,1628983,Shai Gilgeous-Alexander,Thunder,316.66,-516.0,0.0,-244.429,-145.419,90.88,10.2,1631170,Jaime Jaquez Jr.,6.345,4.077,2.039,178.31,33.91,43.08
nba_game_0022500553_processed.parquet,Thunder,285489,3,3:33,17,1630198,Isaiah Joe,Thunder,328.21,-516.0,0.0,-227.677,-145.162,91.696,11.26,1642276,Kel'el Ware,10.192,10.411,5.205,154.67,38.49,45.0
nba_game_0022500553_processed.parquet,Thunder,289632,3,2:42,17,1630198,Isaiah Joe,Thunder,303.58,-516.0,0.0,-372.801,-258.926,90.145,11.86,203952,Andrew Wiggins,14.71,12.363,6.181,179.57,29.83,45.0
nba_game_0022500553_processed.parquet,Thunder,291610,3,2:09,6,1627936,Alex Caruso,Thunder,303.01,-516.0,0.0,-357.713,-252.798,90.65,12.77,1631170,Jaime Jaquez Jr.,7.086,10.058,5.029,152.36,42.6,55.2
nba_game_0022500553_processed.parquet,Thunder,293901,3,1:31,7,1642349,Ajay Mitchell,Thunder,322.27,-516.0,0.0,-256.984,168.659,91.994,9.96,203952,Andrew Wiggins,7.962,9.35,4.675,171.0,38.61,52.13
nba_game_0022500553_processed.parquet,Thunder,298510,3,1:05,6,1628983,Shai Gilgeous-Alexander,Thunder,314.79,-516.0,0.0,-260.338,-167.663,90.514,14.3,203952,Andrew Wiggins,8.009,13.449,6.724,156.43,39.41,51.97
nba_game_0022500553_processed.parquet,Thunder,305922,3,0.5,,1627936,Alex Caruso,Thunder,385.28,-516.0,0.0,-207.791,-229.001,91.954,8.7,1631107,Nikola Jovic,4.464,1.994,0.997,170.1,45.33,41.85
nba_game_0022500553_processed.parquet,Thunder,349586,4,7:55,6,1630598,Aaron Wiggins,Thunder,280.32,-516.0,0.0,-508.609,-271.75,92.144,8.61,1630558,Davion Mitchell,6.89,13.093,6.546,158.41,38.97,55.89
nba_game_0022500553_processed.parquet,Thunder,351865,4,7:17,3.2,1630598,Aaron Wiggins,Thunder,290.55,-516.0,0.0,-460.012,-278.953,91.769,14.12,1630558,Davion Mitchell,4.259,5.252,2.626,172.06,40.06,54.79
nba_game_0022500553_processed.parquet,Thunder,365341,4,6:30,19,1630598,Aaron Wiggins,Thunder,308.5,-516.0,0.0,-356.155,255.122,90.702,13.44,203952,Andrew Wiggins,6.302,2.097,1.049,178.22,24.94,35.81
nba_game_0022500553_processed.parquet,Thunder,376570,4,4:48,14,1630598,Aaron Wiggins,Thunder,316.78,-516.0,0.0,-290.985,211.603,90.21,11.85,1641796,Pelle Larsson,9.001,12.912,6.456,174.79,41.47,48.5
nba_game_0022500553_processed.parquet,Thunder,378224,4,4:20,16,1641717,Cason Wallace,Thunder,328.83,-516.0,0.0,-208.132,-108.726,91.159,10.01,1628389,Bam Adebayo,7.095,8.348,4.174,162.43,48.76,55.17
nba_game_0022500553_processed.parquet,Thunder,412865,4,19.0,2.9,1642382,Branden Carlson,Thunder,277.15,-516.0,0.0,-521.533,-268.96,90.891,13.81,1642276,Kel'el Ware,13.839,4.243,2.121,169.89,12.62,26.43
nba_game_0022500564_processed.parquet,Suns,2238,1,11:38,4.1,1626220,Royce O'Neale,Suns,332.9,-516.0,0.0,-341.329,-276.537,92.188,16.87,1629639,Tyler Herro,4.279,7.487,3.743,151.92,31.27,63.1
nba_game_0022500564_processed.parquet,Suns,6792,1,10:33,5,1631221,Collin Gillespie,Suns,313.82,-516.0,0.0,-376.623,269.069,91.155,15.51,1630558,Davion Mitchell,4.98,14.701,7.351,176.29,41.67,62.57
nba_game_0022500564_processed.parquet,Suns,12085,1,9:33,12,1626164,Devin Booker,Suns,316.41,-516.0,0.0,-286.21,-219.115,90.626,9.72,1628389,Bam Adebayo,5.646,3.347,1.674,173.37,38.85,42.79
nba_game_0022500564_processed.parquet,Suns,26617,1,6:52,14,1631221,Collin Gillespie,Suns,289.4,-516.0,0.0,-448.808,269.529,91.121,14.84,1626181,Norman Powell,15.715,-4.137,-2.068,173.97,5.94,4.95
nba_game_0022500564_processed.parquet,Suns,38729,1,6:46,8,1628415,Dillon Brooks,Suns,307.99,-516.0,0.0,-372.366,266.062,94.089,14.56,1631170,Jaime Jaquez Jr.,4.063,5.484,2.742,177.52,41.3,56.35
nba_game_0022500564_processed.parquet,Suns,46211,1,4:41,24,1628415,Dillon Brooks,Suns,278.7,-516.0,0.0,-535.469,-264.937,92.023,11.19,203952,Andrew Wiggins,5.845,12.427,6.213,138.54,41.91,59.54
nba_game_0022500564_processed.parquet,Suns,47456,1,4:22,18,1626164,Devin Booker,Suns,361.69,-516.0,0.0,-160.814,16.089,92.456,10.79,203952,Andrew Wiggins,5.57,0.312,0.156,85.88,4.16,21.06
nba_game_0022500564_processed.parquet,Suns,70736,1,2:55,10,1628960,Grayson Allen,Suns,336.07,-516.0,0.0,-270.821,213.688,91.183,11.65,1631107,Nikola Jovic,6.439,6.499,3.25,131.41,47.99,51.84
nba_game_0022500564_processed.parquet,Suns,73204,1,2:14,12,1628960,Grayson Allen,Suns,323.22,-516.0,0.0,-227.967,-122.195,91.74,9.16,1626181,Norman Powell,12.231,12.221,6.111,109.54,-0.25,30.0
nba_game_0022500564_processed.parquet,Suns,75069,1,1:43,13,1642346,Ryan Dunn,Suns,280.64,-516.0,0.0,-497.096,-278.047,92.047,12.82,1641796,Pelle Larsson,15.186,4.361,2.181,154.14,0.88,17.09
nba_game_0022500564_processed.parquet,Suns,78394,1,47.6,10,1628960,Grayson Allen,Suns,347.11,-516.0,0.0,-263.795,-224.391,90.057,9.95,1641796,Pelle Larsson,5.922,9.547,4.774,143.85,40.17,59.27
nba_game_0022500564_processed.parquet,Suns,82161,1,2.9,,1628960,Grayson Allen,Suns,332.03,-516.0,0.0,-300.38,233.922,91.225,13.85,1631170,Jaime Jaquez Jr.,7.319,12.851,6.425,163.61,44.44,54.38
nba_game_0022500564_processed.parquet,Suns,100395,2,10:43,15,1628960,Grayson Allen,Suns,333.22,-516.0,0.0,-242.984,176.504,92.327,7.45,1631170,Jaime Jaquez Jr.,5.273,12.868,6.434,100.49,45.74,61.54
nba_game_0022500564_processed.parquet,Suns,105698,2,9:41,12,1631221,Collin Gillespie,Suns,288.81,-516.0,0.0,-441.742,269.041,90.379,13.0,1630558,Davion Mitchell,6.876,5.485,2.742,135.74,30.82,46.5
nba_game_0022500564_processed.parquet,Suns,139594,2,6:48,4.3,1628415,Dillon Brooks,Suns,277.07,-516.0,0.0,-506.829,-265.668,90.171,13.15,203952,Andrew Wiggins,6.485,13.785,6.892,174.75,42.26,57.3
nba_game_0022500564_processed.parquet,Suns,149728,2,5:49,5,1628415,Dillon Brooks,Suns,296.76,-516.0,0.0,-401.288,261.212,91.221,13.89,1630558,Davion Mitchell,7.2,10.778,5.389,131.22,12.6,50.3
nba_game_0022500564_processed.parquet,Suns,214587,3,11:17,9,1626220,Royce O'Neale,Suns,354.07,516.0,0.0,200.319,144.034,91.409,10.62,1628389,Bam Adebayo,6.207,11.216,5.608,137.75,42.18,58.28
nba_game_0022500564_processed.parquet,Suns,247971,3,8:42,15,1631221,Collin Gillespie,Suns,328.1,516.0,0.0,233.151,150.254,91.5,12.4,1630696,Dru Smith,3.263,12.171,6.086,112.19,42.54,68.58
nba_game_0022500564_processed.parquet,Suns,249571,3,8:15,19,1626164,Devin Booker,Suns,333.43,516.0,0.0,210.897,149.899,90.737,9.16,203952,Andrew Wiggins,5.862,-2.622,-1.311,171.81,31.41,29.48
nba_game_0022500564_processed.parquet,Suns,265512,3,7:05,19,1626164,Devin Booker,Suns,369.55,516.0,0.0,149.598,58.7,90.646,8.14,1628389,Bam Adebayo,8.599,-3.507,-1.754,170.57,4.36,8.54
nba_game_0022500564_processed.parquet,Suns,280091,3,6:05,17,1626220,Royce O'Neale,Suns,343.98,516.0,0.0,213.513,158.679,91.137,8.84,203952,Andrew Wiggins,5.648,11.772,5.886,157.85,41.74,60.23
nba_game_0022500564_processed.parquet,Suns,281603,3,5:40,15,1626164,Devin Booker,Suns,315.88,516.0,0.0,242.008,163.594,91.461,5.86,203952,Andrew Wiggins,5.927,5.664,2.832,125.12,23.01,50.5
nba_game_0022500564_processed.parquet,Suns,282754,3,5:21,18,1626220,Royce O'Neale,Suns,321.07,516.0,0.0,202.282,-1.194,92.453,7.78,1631170,Jaime Jaquez Jr.,13.366,6.165,3.082,170.13,27.28,38.12
nba_game_0022500564_processed.parquet,Suns,288700,3,4:49,13,1628960,Grayson Allen,Suns,278.76,516.0,0.0,518.573,266.971,91.421,12.2,1629639,Tyler Herro,6.025,15.801,7.901,148.81,43.75,58.91
nba_game_0022500564_processed.parquet,Suns,303281,3,2:24,9,1628960,Grayson Allen,Suns,294.36,516.0,0.0,434.389,271.014,91.934,12.66,1641796,Pelle Larsson,5.662,12.355,6.177,156.61,45.46,60.18
nba_game_0022500564_processed.parquet,Suns,303689,3,2:17,10,1628415,Dillon Brooks,Suns,310.9,516.0,0.0,339.61,-239.661,92.193,17.22,1629639,Tyler Herro,5.597,17.305,8.653,145.06,13.5,56.66
nba_game_0022500564_processed.parquet,Suns,337685,4,11:18,14,1628960,Grayson Allen,Suns,330.03,516.0,0.0,279.727,213.051,91.265,10.7,1641796,Pelle Larsson,12.94,0.37,0.185,78.19,0.36,4.31
nba_game_0022500564_processed.parquet,Suns,339820,4,10:43,10,1631221,Collin Gillespie,Suns,306.71,516.0,0.0,381.225,-257.094,91.752,11.87,1641796,Pelle Larsson,8.624,12.443,6.222,151.79,12.92,45.59
nba_game_0022500564_processed.parquet,Suns,355014,4,9:57,8,1630692,Jordan Goodwin,Suns,308.12,516.0,0.0,306.892,-216.37,90.933,11.14,1629639,Tyler Herro,6.655,10.568,5.284,139.0,16.93,55.81
nba_game_0022500564_processed.parquet,Suns,359790,4,9:14,21,1631221,Collin Gillespie,Suns,337.4,516.0,0.0,275.526,-222.906,91.189,10.9,1631170,Jaime Jaquez Jr.,8.857,9.924,4.962,110.56,8.37,40.98
nba_game_0022500564_processed.parquet,Suns,372934,4,8:35,9,1631221,Collin Gillespie,Suns,341.41,516.0,0.0,190.022,-43.862,91.288,10.43,1630696,Dru Smith,4.489,9.021,4.51,149.87,42.25,64.29
nba_game_0022500564_processed.parquet,Suns,415437,4,4:52,4.9,1626220,Royce O'Neale,Suns,327.48,516.0,0.0,344.884,-271.478,91.927,12.23,203952,Andrew Wiggins,7.648,10.045,5.022,177.77,34.81,53.23
nba_game_0022500564_processed.parquet,Suns,420831,4,4:21,13,1626220,Royce O'Neale,Suns,309.86,516.0,0.0,372.02,-267.409,90.94,7.61,1631170,Jaime Jaquez Jr.,4.743,8.614,4.307,115.35,43.19,63.4
nba_game_0022500564_processed.parquet,Suns,441523,4,1:05,17,1626164,Devin Booker,Suns,320.47,516.0,0.0,245.706,173.712,90.018,5.6,1628389,Bam Adebayo,5.425,6.207,3.103,131.14,45.29,54.29
nba_game_0022500564_processed.parquet,Suns,453116,4,17.7,13,1628960,Grayson Allen,Suns,378.23,516.0,0.0,154.356,50.331,91.773,8.84,1631170,Jaime Jaquez Jr.,5.762,2.187,1.093,140.46,41.69,38.03
nba_game_0022500564_processed.parquet,Suns,481507,4,7.9,,1628960,Grayson Allen,Suns,292.87,516.0,0.0,450.249,274.629,92.069,14.82,1641796,Pelle Larsson,3.912,10.857,5.429,118.25,46.03,66.31
nba_game_0022500864_processed.parquet,Rockets,7281,1,10:15,21,1642263,Reed Sheppard,Rockets,303.74,516.0,0.0,370.673,-252.328,91.053,10.2,1630558,Davion Mitchell,6.546,15.038,7.519,175.27,5.38,46.57
nba_game_0022500864_processed.parquet,Rockets,19332,1,8:04,18,1642263,Reed Sheppard,Rockets,377.66,516.0,0.0,148.508,16.682,91.293,9.54,1641796,Pelle Larsson,5.607,2.445,1.222,171.11,39.97,39.54
nba_game_0022500864_processed.parquet,Rockets,29997,1,7:12,9,1642263,Reed Sheppard,Rockets,330.39,516.0,0.0,202.273,-72.427,90.151,9.06,1628389,Bam Adebayo,7.049,3.15,1.575,168.78,37.83,37.14
nba_game_0022500864_processed.parquet,Rockets,62289,1,5:15,7,201142,Kevin Durant,Rockets,321.33,516.0,0.0,196.138,56.806,91.074,9.63,203952,Andrew Wiggins,3.794,-0.639,-0.319,179.28,32.39,36.72
nba_game_0022500864_processed.parquet,Rockets,78370,1,3:40,11,201142,Kevin Durant,Rockets,270.27,516.0,0.0,505.382,-271.324,90.531,6.47,1642857,Kasparas Jakucionis,5.349,5.568,2.784,122.58,41.54,52.16
nba_game_0022500864_processed.parquet,Rockets,80062,1,3:12,21,1642263,Reed Sheppard,Rockets,344.27,516.0,0.0,228.123,182.468,91.126,11.61,1629639,Tyler Herro,6.497,-5.66,-2.83,173.82,23.93,27.26
nba_game_0022500864_processed.parquet,Rockets,93662,1,1:56,8,1641708,Amen Thompson,Rockets,274.56,516.0,0.0,498.125,262.575,90.584,9.43,1631323,Simone Fontecchio,10.182,10.761,5.38,161.57,3.4,32.83
nba_game_0022500864_processed.parquet,Rockets,96556,1,1:08,17,1629006,Josh Okogie,Rockets,288.42,516.0,0.0,438.665,-265.709,90.676,15.39,1631170,Jaime Jaquez Jr.,6.21,13.336,6.668,164.25,42.08,58.26
nba_game_0022500864_processed.parquet,Rockets,106903,1,32.2,12,1642263,Reed Sheppard,Rockets,284.99,516.0,0.0,487.471,-275.525,92.7,11.02,1631170,Jaime Jaquez Jr.,4.354,10.292,5.146,156.75,47.37,64.76
nba_game_0022500864_processed.parquet,Rockets,152739,2,8:40,15,1627827,Dorian Finney-Smith,Rockets,281.23,516.0,0.0,491.947,272.42,90.493,8.66,1628389,Bam Adebayo,6.286,10.097,5.049,155.24,41.17,58.0
nba_game_0022500864_processed.parquet,Rockets,163919,2,7:08,18,1628988,Aaron Holiday,Rockets,287.32,516.0,0.0,451.21,-268.773,90.279,11.89,1630696,Dru Smith,7.002,13.061,6.53,172.91,43.37,55.49
nba_game_0022500864_processed.parquet,Rockets,167005,2,6:40,11,1631106,Tari Eason,Rockets,304.74,516.0,0.0,275.203,181.053,90.098,13.2,1631323,Simone Fontecchio,7.197,12.299,6.149,143.2,40.17,54.81
nba_game_0022500864_processed.parquet,Rockets,167262,2,6:35,12,1631106,Tari Eason,Rockets,298.37,516.0,0.0,377.628,258.195,90.74,13.0,1631323,Simone Fontecchio,7.149,15.909,7.955,119.03,28.72,54.98
nba_game_0022500864_processed.parquet,Rockets,192409,2,4:17,13,1642263,Reed Sheppard,Rockets,331.78,516.0,0.0,237.104,171.821,90.24,8.3,1630558,Davion Mitchell,3.562,13.25,6.625,76.54,29.08,70.52
nba_game_0022500864_processed.parquet,Rockets,197047,2,3:00,1.7,1642263,Reed Sheppard,Rockets,319.82,516.0,0.0,217.279,102.112,90.177,10.76,1641796,Pelle Larsson,3.907,5.496,2.748,104.76,36.07,56.93
nba_game_0022500864_processed.parquet,Rockets,198933,2,2:28,9,201142,Kevin Durant,Rockets,309.04,516.0,0.0,291.326,-212.966,91.658,9.8,1629639,Tyler Herro,3.861,10.483,5.242,159.97,37.22,66.49
nba_game_0022500864_processed.parquet,Rockets,201575,2,1:44,4.3,201142,Kevin Durant,Rockets,304.48,516.0,0.0,233.974,-71.667,92.659,11.34,1629639,Tyler Herro,4.872,8.787,4.394,137.55,5.94,52.9
nba_game_0022500864_processed.parquet,Rockets,258881,3,7:29,12,1631106,Tari Eason,Rockets,270.89,-516.0,0.0,-507.816,264.616,91.158,12.53,1631170,Jaime Jaquez Jr.,7.25,8.93,4.465,162.07,8.6,46.79
nba_game_0022500864_processed.parquet,Rockets,286303,3,5:24,15,201142,Kevin Durant,Rockets,336.94,-516.0,0.0,-211.084,-151.023,91.618,11.44,1631170,Jaime Jaquez Jr.,7.403,11.215,5.607,170.37,39.77,54.09
nba_game_0022500864_processed.parquet,Rockets,321613,3,1:33,11,1642263,Reed Sheppard,Rockets,349.49,-516.0,0.0,-184.031,-76.187,92.463,7.32,1641796,Pelle Larsson,5.33,12.213,6.106,168.07,45.64,61.34
nba_game_0022500864_processed.parquet,Rockets,335740,3,0.9,,201142,Kevin Durant,Rockets,370.51,-516.0,0.0,-145.939,-1.737,91.075,5.84,1631170,Jaime Jaquez Jr.,3.61,3.405,1.703,173.35,35.8,50.13
nba_game_0022500864_processed.parquet,Rockets,367895,4,8:32,12,1631106,Tari Eason,Rockets,273.43,-516.0,0.0,-514.651,267.365,91.71,11.87,1642857,Kasparas Jakucionis,6.383,11.314,5.657,144.48,43.49,57.66
nba_game_0022500864_processed.parquet,Rockets,369561,4,8:04,16,1630578,Alperen Sengun,Rockets,321.09,-516.0,0.0,-206.196,-75.256,91.088,8.67,1642276,Kel'el Ware,10.199,13.142,6.571,174.66,35.66,45.0
nba_game_0022500864_processed.parquet,Rockets,382571,4,6:55,10,1631106,Tari Eason,Rockets,306.86,-516.0,0.0,-314.674,-226.794,91.586,8.5,203952,Andrew Wiggins,7.472,14.39,7.195,147.55,32.6,53.85
nba_game_0022500886_processed.parquet,Nets,4354,1,11:09,1.8,1629008,Michael Porter Jr.,Nets,304.42,-516.0,0.0,-379.284,-266.572,91.254,15.41,1629639,Tyler Herro,4.148,8.386,4.193,162.26,36.75,65.48
nba_game_0022500886_processed.parquet,Nets,12996,1,9:39,16,1642849,Nolan Traore,Nets,331.11,-516.0,0.0,-193.305,2.763,91.233,9.98,1628389,Bam Adebayo,8.736,11.452,5.726,168.54,45.36,49.42
nba_game_0022500886_processed.parquet,Nets,19565,1,7:50,18,1629008,Michael Porter Jr.,Nets,281.6,-516.0,0.0,-438.819,266.47,90.997,9.43,203952,Andrew Wiggins,4.942,10.186,5.093,156.9,18.59,62.7
nba_game_0022500886_processed.parquet,Nets,50973,1,4:47,18,1642879,Ben Saraf,Nets,324.21,-516.0,0.0,-216.167,87.767,93.755,11.65,203952,Andrew Wiggins,9.658,9.697,4.848,152.48,33.13,46.2
nba_game_0022500886_processed.parquet,Nets,52434,1,4:23,10,1630533,Ziaire Williams,Nets,310.34,-516.0,0.0,-305.541,-211.208,91.517,11.14,1630558,Davion Mitchell,4.666,13.198,6.599,149.86,41.39,63.67
nba_game_0022500886_processed.parquet,Nets,52749,1,4:18,12,1641730,Noah Clowney,Nets,306.52,-516.0,0.0,-343.944,245.531,91.479,14.24,1631170,Jaime Jaquez Jr.,6.336,3.196,1.598,118.99,30.17,39.81
nba_game_0022500886_processed.parquet,Nets,62747,1,3:03,17,1642874,Danny Wolf,Nets,282.05,-516.0,0.0,-258.553,-56.918,93.471,11.52,1642276,Kel'el Ware,5.041,-0.259,-0.13,172.75,36.27,32.36
nba_game_0022500886_processed.parquet,Nets,66029,1,2:08,11,1642874,Danny Wolf,Nets,327.87,-516.0,0.0,-199.552,56.18,92.426,9.71,1642276,Kel'el Ware,6.694,3.166,1.583,176.96,45.42,38.44
nba_game_0022500886_processed.parquet,Nets,101718,2,11:00,11,1631169,Josh Minott,Nets,323.93,-516.0,0.0,-247.215,167.619,92.055,8.78,1631323,Simone Fontecchio,8.687,15.021,7.511,168.71,4.28,38.16
nba_game_0022500886_processed.parquet,Nets,103277,2,10:34,18,1630533,Ziaire Williams,Nets,280.15,-516.0,0.0,-494.468,265.456,92.694,16.88,1628389,Bam Adebayo,6.402,17.494,8.747,131.84,45.15,57.59
nba_game_0022500886_processed.parquet,Nets,136816,2,7:28,5,1629008,Michael Porter Jr.,Nets,341.48,-516.0,0.0,-252.636,215.191,90.342,7.15,203952,Andrew Wiggins,4.619,1.439,0.72,172.53,22.36,39.23
nba_game_0022500886_processed.parquet,Nets,151361,2,6:18,14,1629008,Michael Porter Jr.,Nets,311.42,-516.0,0.0,-210.508,53.725,90.377,14.5,1630558,Davion Mitchell,3.395,8.719,4.359,146.42,23.36,68.12
nba_game_0022500886_processed.parquet,Nets,173150,2,4:17,10,1641730,Noah Clowney,Nets,307.69,-516.0,0.0,-331.844,-239.318,90.3,13.23,1628389,Bam Adebayo,8.627,7.928,3.964,156.37,29.83,49.54
nba_game_0022500886_processed.parquet,Nets,209629,2,1:04,16,1642849,Nolan Traore,Nets,308.21,-516.0,0.0,-251.465,-143.01,92.34,9.65,1630558,Davion Mitchell,5.997,7.89,3.945,175.67,34.33,58.6
nba_game_0022500886_processed.parquet,Nets,230416,3,10:32,18,1629611,Terance Mann,Nets,281.41,516.0,0.0,502.958,276.779,90.743,14.48,1630558,Davion Mitchell,6.456,15.831,7.915,154.87,29.02,57.4
nba_game_0022500886_processed.parquet,Nets,294290,3,4:33,15,1630533,Ziaire Williams,Nets,306.71,516.0,0.0,354.091,243.04,90.714,16.76,203952,Andrew Wiggins,6.478,6.866,3.433,171.17,36.22,53.07
nba_game_0022500886_processed.parquet,Nets,301980,3,2:53,11,1630533,Ziaire Williams,Nets,306.67,516.0,0.0,286.333,-182.682,90.723,10.13,1629639,Tyler Herro,10.718,5.176,2.588,149.32,11.77,29.21
nba_game_0022500886_processed.parquet,Nets,343347,4,10:31,9,1630533,Ziaire Williams,Nets,311.61,516.0,0.0,219.759,-14.103,90.954,13.64,1631170,Jaime Jaquez Jr.,6.68,13.768,6.884,164.76,43.24,56.62
nba_game_0022500886_processed.parquet,Nets,357787,4,9:28,9,1642849,Nolan Traore,Nets,339.54,516.0,0.0,287.303,241.295,90.487,8.84,1642857,Kasparas Jakucionis,4.403,11.087,5.544,151.14,40.38,64.59
nba_game_0022500886_processed.parquet,Nets,368845,4,8:04,4.7,1641730,Noah Clowney,Nets,337.43,516.0,0.0,196.092,-95.744,90.122,10.97,1642857,Kasparas Jakucionis,4.4,8.226,4.113,177.41,46.63,64.6
nba_game_0022500886_processed.parquet,Nets,388919,4,6:21,16,1629008,Michael Porter Jr.,Nets,325.83,516.0,0.0,200.398,53.264,90.285,7.56,1642857,Kasparas Jakucionis,6.378,1.409,0.704,124.85,36.12,32.96
nba_game_0022500886_processed.parquet,Nets,394462,4,4:48,6,1641730,Noah Clowney,Nets,310.65,516.0,0.0,225.956,-91.979,90.009,10.3,1642857,Kasparas Jakucionis,10.23,-3.829,-1.915,103.69,0.73,0.61
nba_game_0022500886_processed.parquet,Nets,404508,4,3:42,15,1629008,Michael Porter Jr.,Nets,318.48,516.0,0.0,195.583,-9.113,91.543,10.84,1642857,Kasparas Jakucionis,2.516,5.54,2.77,173.13,47.41,61.97
nba_game_0022500886_processed.parquet,Nets,434307,4,44.3,9,1642879,Ben Saraf,Nets,313.99,516.0,0.0,236.996,-123.506,90.48,6.63,1642066,Myron Gardner,5.935,11.358,5.679,161.99,37.21,59.23
nba_game_0022500886_processed.parquet,Nets,439706,4,12.5,11,1630592,Jalen Wilson,Nets,284.35,516.0,0.0,490.202,-273.774,90.521,9.27,1642443,Jahmir Young,4.03,6.713,3.357,174.41,41.86,61.07
nba_game_0022500901_processed.parquet,Nets,7220,1,10:56,16,1629611,Terance Mann,Nets,288.01,-516.0,0.0,-457.719,-276.277,91.017,12.95,1629639,Tyler Herro,9.004,5.984,2.992,168.78,1.2,26.93
nba_game_0022500901_processed.parquet,Nets,16329,1,9:21,12,1629008,Michael Porter Jr.,Nets,346.29,-516.0,0.0,-238.618,-198.711,91.635,10.36,1628389,Bam Adebayo,9.02,-3.076,-1.538,171.2,9.99,11.76
nba_game_0022500901_processed.parquet,Nets,54115,1,4:53,16,1641730,Noah Clowney,Nets,310.92,-516.0,0.0,-344.927,256.317,92.081,11.55,1631170,Jaime Jaquez Jr.,5.331,8.981,4.491,155.18,40.71,61.34
nba_game_0022500901_processed.parquet,Nets,55500,1,4:30,16,1629008,Michael Porter Jr.,Nets,304.08,-516.0,0.0,-229.568,80.912,91.21,11.7,1629639,Tyler Herro,11.773,2.544,1.272,111.88,1.46,10.76
nba_game_0022500901_processed.parquet,Nets,57322,1,4:00,10,1642849,Nolan Traore,Nets,289.72,-516.0,0.0,-447.187,274.085,90.414,12.21,1631170,Jaime Jaquez Jr.,6.383,11.102,5.551,167.1,29.15,57.66
nba_game_0022500901_processed.parquet,Nets,90661,1,58.9,12,1642874,Danny Wolf,Nets,338.89,-516.0,0.0,-192.447,72.797,92.839,8.45,1628389,Bam Adebayo,7.626,2.666,1.333,174.21,46.87,33.3
nba_game_0022500901_processed.parquet,Nets,119745,2,9:48,10,1630534,Ochai Agbaji,Nets,293.01,-516.0,0.0,-347.667,-228.899,90.294,15.07,1630696,Dru Smith,3.953,9.157,4.579,130.61,40.95,66.17
nba_game_0022500901_processed.parquet,Nets,130206,2,8:32,12,1642874,Danny Wolf,Nets,325.12,-516.0,0.0,-340.366,-268.045,92.428,7.94,1628389,Bam Adebayo,9.523,6.589,3.294,152.15,10.64,35.24
nba_game_0022500901_processed.parquet,Nets,152902,2,6:47,15,1629008,Michael Porter Jr.,Nets,308.15,-516.0,0.0,-260.809,-168.89,90.932,9.71,1630696,Dru Smith,7.956,15.685,7.843,166.56,34.97,52.15
nba_game_0022500901_processed.parquet,Nets,153186,2,6:43,13,1629008,Michael Porter Jr.,Nets,301.18,-516.0,0.0,-256.494,-149.192,91.47,12.37,1642857,Kasparas Jakucionis,5.98,7.306,3.653,146.94,43.4,56.47
nba_game_0022500901_processed.parquet,Nets,167009,2,4:14,19,1641730,Noah Clowney,Nets,279.73,-516.0,0.0,-453.868,-266.349,91.706,10.48,1630558,Davion Mitchell,15.229,8.496,4.248,148.47,7.49,36.24
nba_game_0022500901_processed.parquet,Nets,180354,2,3:37,5,1629008,Michael Porter Jr.,Nets,300.61,-516.0,0.0,-393.875,-271.84,90.213,15.27,1629639,Tyler Herro,3.9,9.602,4.801,141.73,31.98,66.35
nba_game_0022500901_processed.parquet,Nets,184852,2,3:05,8,1629008,Michael Porter Jr.,Nets,279.19,-516.0,0.0,-429.716,257.214,90.785,13.76,203952,Andrew Wiggins,5.358,9.05,4.525,151.2,20.81,61.25
nba_game_0022500901_processed.parquet,Nets,211418,3,11:30,10,1641730,Noah Clowney,Nets,305.22,516.0,0.0,327.668,235.311,91.958,9.76,1630558,Davion Mitchell,4.975,9.639,4.82,164.59,37.78,62.59
nba_game_0022500901_processed.parquet,Nets,216723,3,10:01,8,1629008,Michael Porter Jr.,Nets,313.72,516.0,0.0,326.229,-246.005,91.407,13.85,1630558,Davion Mitchell,4.116,6.432,3.216,156.45,22.41,59.71
nba_game_0022500901_processed.parquet,Nets,218388,3,9:34,16,1629008,Michael Porter Jr.,Nets,322.15,516.0,0.0,208.673,92.388,91.305,16.28,1630558,Davion Mitchell,1.871,9.058,4.529,96.13,19.89,73.45
nba_game_0022500901_processed.parquet,Nets,223439,3,9:11,19,1629008,Michael Porter Jr.,Nets,339.9,516.0,0.0,194.235,110.998,90.532,9.7,203952,Andrew Wiggins,5.413,0.352,0.176,166.4,-2.71,17.37
nba_game_0022500901_processed.parquet,Nets,226147,3,8:49,15,1641730,Noah Clowney,Nets,313.66,516.0,0.0,258.841,168.575,90.132,12.95,1641796,Pelle Larsson,5.591,13.6,6.8,170.99,8.98,52.91
nba_game_0022500901_processed.parquet,Nets,231973,3,8:00,8,1629008,Michael Porter Jr.,Nets,312.63,516.0,0.0,202.369,11.172,90.788,10.86,203952,Andrew Wiggins,4.168,7.166,3.583,156.93,30.52,62.29
nba_game_0022500901_processed.parquet,Nets,252233,3,6:12,14,1629008,Michael Porter Jr.,Nets,322.48,516.0,0.0,203.791,56.424,91.559,11.78,203952,Andrew Wiggins,4.42,4.394,2.197,72.33,23.93,54.94
nba_game_0022500901_processed.parquet,Nets,254916,3,5:27,8,1629611,Terance Mann,Nets,276.1,516.0,0.0,487.078,-268.886,91.304,11.08,1629639,Tyler Herro,12.888,4.754,2.377,104.79,1.2,18.83
nba_game_0022500901_processed.parquet,Nets,265169,3,4:08,13,1629008,Michael Porter Jr.,Nets,333.04,516.0,0.0,250.383,204.617,90.524,12.97,203952,Andrew Wiggins,5.394,6.28,3.14,165.24,46.45,54.67
nba_game_0022500901_processed.parquet,Nets,266812,3,3:41,18,1630533,Ziaire Williams,Nets,279.74,516.0,0.0,486.15,-260.867,90.362,9.49,203952,Andrew Wiggins,13.496,3.238,1.619,158.17,6.36,17.44
nba_game_0022500901_processed.parquet,Nets,292731,3,1:20,17,1630533,Ziaire Williams,Nets,273.63,516.0,0.0,484.918,-257.91,90.103,11.04,1631170,Jaime Jaquez Jr.,9.455,14.975,7.487,144.85,44.34,46.91
nba_game_0022500901_processed.parquet,Nets,318318,4,11:15,12,1630533,Ziaire Williams,Nets,277.08,516.0,0.0,485.831,-259.005,91.628,15.13,1641796,Pelle Larsson,6.81,12.117,6.059,104.87,46.11,56.16
nba_game_0022500901_processed.parquet,Nets,335641,4,9:40,15,1629008,Michael Porter Jr.,Nets,305.0,516.0,0.0,217.298,19.432,91.389,9.67,1630696,Dru Smith,3.842,0.566,0.283,51.25,38.26,47.29
nba_game_0022500901_processed.parquet,Nets,352348,4,8:04,9,1641730,Noah Clowney,Nets,276.22,516.0,0.0,508.114,269.597,90.348,10.96,1642857,Kasparas Jakucionis,8.069,6.996,3.498,129.1,40.13,47.99
nba_game_0022500901_processed.parquet,Nets,356955,4,7:41,13,1641730,Noah Clowney,Nets,329.61,516.0,0.0,214.505,-125.217,90.025,13.75,1631170,Jaime Jaquez Jr.,7.062,1.103,0.552,168.1,33.01,29.42
nba_game_0022500901_processed.parquet,Nets,362776,4,6:42,16,1629008,Michael Porter Jr.,Nets,273.42,516.0,0.0,526.682,265.115,91.167,12.42,1631170,Jaime Jaquez Jr.,16.863,2.825,1.412,147.72,8.56,17.73
nba_game_0022500901_processed.parquet,Nets,376053,4,6:27,15,1641730,Noah Clowney,Nets,310.12,516.0,0.0,304.43,222.064,91.257,15.81,1642857,Kasparas Jakucionis,7.832,10.008,5.004,147.66,39.44,52.59
nba_game_0022500901_processed.parquet,Nets,380348,4,5:15,16,1629008,Michael Porter Jr.,Nets,345.07,516.0,0.0,227.342,-183.459,91.466,10.97,1630696,Dru Smith,4.199,7.44,3.72,177.04,31.93,63.21
nba_game_0022500901_processed.parquet,Nets,380845,4,5:07,9,1630549,Day'Ron Sharpe,Nets,277.01,516.0,0.0,500.609,-263.996,90.708,10.55,1642857,Kasparas Jakucionis,5.912,11.471,5.736,134.79,11.19,53.63
nba_game_0022500901_processed.parquet,Nets,384711,4,4:35,5,1641730,Noah Clowney,Nets,317.29,516.0,0.0,308.825,-231.575,90.701,12.27,1629639,Tyler Herro,7.414,9.575,4.788,147.43,34.67,54.05
nba_game_0022500901_processed.parquet,Nets,388033,4,3:40,9,1629008,Michael Porter Jr.,Nets,311.53,516.0,0.0,296.37,213.335,90.102,13.28,1641796,Pelle Larsson,4.067,6.362,3.181,99.86,10.83,53.65
nba_game_0022500901_processed.parquet,Nets,412760,4,12.0,9,1630534,Ochai Agbaji,Nets,289.2,516.0,0.0,452.299,-272.604,90.571,15.79,1642443,Jahmir Young,5.246,13.995,6.997,175.24,41.72,61.64
nba_game_0022501055_processed.parquet,Cavaliers,3723,1,11:10,2.6,1631165,Keon Ellis,Cavaliers,288.61,-516.0,0.0,-411.494,-265.546,90.882,14.15,1626181,Norman Powell,4.669,6.915,3.457,161.56,44.64,59.59
nba_game_0022501055_processed.parquet,Cavaliers,11075,1,9:35,16,201935,James Harden,Cavaliers,332.18,-516.0,0.0,-188.293,-12.007,92.189,8.63,1628389,Bam Adebayo,5.219,2.745,1.373,163.18,42.99,42.03
nba_game_0022501055_processed.parquet,Cavaliers,22047,1,7:35,6,1630241,Sam Merrill,Cavaliers,317.08,-516.0,0.0,-214.092,82.546,90.81,16.06,1629639,Tyler Herro,4.706,11.002,5.501,169.04,39.49,63.53
nba_game_0022501055_processed.parquet,Cavaliers,37414,1,6:31,2.7,1630241,Sam Merrill,Cavaliers,314.03,-516.0,0.0,-237.513,-134.632,92.228,10.63,1630558,Davion Mitchell,7.778,9.206,4.603,139.18,32.05,52.78
nba_game_0022501055_processed.parquet,Cavaliers,50918,1,4:41,8,201935,James Harden,Cavaliers,318.5,-516.0,0.0,-203.824,-44.727,90.246,11.41,1641796,Pelle Larsson,5.286,3.978,1.989,174.26,37.12,46.42
nba_game_0022501055_processed.parquet,Cavaliers,83885,1,1:15,5,1628378,Donovan Mitchell,Cavaliers,308.25,-516.0,0.0,-324.885,-228.289,92.784,12.75,1631170,Jaime Jaquez Jr.,11.531,-1.503,-0.752,162.81,8.52,7.1
nba_game_0022501055_processed.parquet,Cavaliers,90153,1,53.3,11,201935,James Harden,Cavaliers,323.14,-516.0,0.0,-313.978,246.366,90.741,11.08,1631170,Jaime Jaquez Jr.,4.466,11.873,5.937,152.74,21.79,64.37
nba_game_0022501055_processed.parquet,Cavaliers,108419,2,11:15,15,1628378,Donovan Mitchell,Cavaliers,334.53,-516.0,0.0,-246.639,-188.646,90.282,12.71,1641796,Pelle Larsson,6.113,6.06,3.03,141.96,40.12,51.33
nba_game_0022501055_processed.parquet,Cavaliers,123586,2,8:54,16,1628378,Donovan Mitchell,Cavaliers,297.21,-516.0,0.0,-429.748,277.233,90.631,14.06,1641796,Pelle Larsson,4.276,13.28,6.64,138.59,49.49,65.03
nba_game_0022501055_processed.parquet,Cavaliers,140102,2,8:31,9,1631165,Keon Ellis,Cavaliers,298.98,-516.0,0.0,-383.559,260.115,91.38,11.77,1629639,Tyler Herro,6.399,11.658,5.829,174.73,44.55,57.6
nba_game_0022501055_processed.parquet,Cavaliers,191051,2,1:35,15,1631165,Keon Ellis,Cavaliers,314.0,-516.0,0.0,-234.252,128.824,91.501,13.48,203952,Andrew Wiggins,6.862,13.213,6.607,175.03,43.86,55.98
nba_game_0022501055_processed.parquet,Cavaliers,215881,2,38.2,3.0,1628378,Donovan Mitchell,Cavaliers,344.84,-516.0,0.0,-241.508,-198.08,90.075,10.97,1630558,Davion Mitchell,4.395,-0.453,-0.227,166.34,25.13,34.62
nba_game_0022501055_processed.parquet,Cavaliers,235014,3,10:02,13,1631165,Keon Ellis,Cavaliers,285.72,516.0,0.0,438.022,268.8,90.257,9.32,1629639,Tyler Herro,7.945,17.917,8.959,154.64,23.15,52.19
nba_game_0022501055_processed.parquet,Cavaliers,236039,3,9:45,17,1630241,Sam Merrill,Cavaliers,291.27,516.0,0.0,422.634,-270.0,90.8,15.18,1630558,Davion Mitchell,5.536,15.377,7.688,179.06,42.21,60.62
nba_game_0022501055_processed.parquet,Cavaliers,269434,3,5:57,15,1630241,Sam Merrill,Cavaliers,272.98,516.0,0.0,491.728,266.568,90.727,14.35,1629639,Tyler Herro,7.731,17.523,8.761,126.43,34.97,52.94
nba_game_0022501055_processed.parquet,Cavaliers,270525,3,5:38,23,203471,Dennis Schroder,Cavaliers,769.45,516.0,0.0,-169.795,23.705,91.373,14.33,1630558,Davion Mitchell,8.392,-0.802,-0.401,140.3,8.29,12.54
nba_game_0022501055_processed.parquet,Cavaliers,290063,3,4:02,0.7,1628378,Donovan Mitchell,Cavaliers,388.41,516.0,0.0,159.168,-129.284,93.253,10.81,1630558,Davion Mitchell,7.743,2.659,1.33,154.78,1.71,19.29
nba_game_0022501055_processed.parquet,Cavaliers,299181,3,2:39,15,201935,James Harden,Cavaliers,340.52,516.0,0.0,179.273,7.434,90.025,10.09,1641796,Pelle Larsson,5.787,1.681,0.84,151.16,44.53,36.05
nba_game_0022501055_processed.parquet,Cavaliers,305178,3,1:17,17,201935,James Harden,Cavaliers,316.71,516.0,0.0,250.606,164.361,90.143,10.74,1642857,Kasparas Jakucionis,5.214,11.054,5.527,158.16,20.91,61.75
nba_game_0022501055_processed.parquet,Cavaliers,307198,3,43.4,15,1628378,Donovan Mitchell,Cavaliers,341.6,516.0,0.0,240.159,186.526,90.407,13.3,1631170,Jaime Jaquez Jr.,5.342,4.916,2.458,144.74,34.69,49.74
nba_game_0022501055_processed.parquet,Cavaliers,310420,3,13.8,7,1628378,Donovan Mitchell,Cavaliers,317.34,516.0,0.0,272.168,196.3,91.664,13.31,1641796,Pelle Larsson,4.986,1.076,0.538,149.0,37.36,36.58
nba_game_0022501055_processed.parquet,Cavaliers,326742,4,11:28,16,1631165,Keon Ellis,Cavaliers,296.02,516.0,0.0,374.801,252.543,91.26,11.64,1629639,Tyler Herro,5.349,10.791,5.396,173.61,36.26,61.28
nba_game_0022501055_processed.parquet,Cavaliers,356971,4,7:58,14,201935,James Harden,Cavaliers,328.36,516.0,0.0,201.409,71.778,91.096,12.96,203952,Andrew Wiggins,6.151,10.237,5.118,163.83,42.23,58.47
nba_game_0022501055_processed.parquet,Cavaliers,369130,4,6:31,2.6,1631165,Keon Ellis,Cavaliers,308.58,516.0,0.0,299.252,-212.598,90.976,16.87,1628389,Bam Adebayo,8.905,9.437,4.719,158.4,31.88,48.83
nba_game_0022501055_processed.parquet,Cavaliers,374098,4,6:11,15,201935,James Harden,Cavaliers,321.94,516.0,0.0,319.303,-247.357,91.786,13.98,1630558,Davion Mitchell,4.989,12.688,6.344,152.36,40.58,62.54
nba_game_0022501055_processed.parquet,Cavaliers,383867,4,4:50,20,1630241,Sam Merrill,Cavaliers,348.64,516.0,0.0,202.428,137.205,92.115,17.68,1628389,Bam Adebayo,7.85,-0.009,-0.005,161.64,27.34,22.53
nba_game_0022501055_processed.parquet,Cavaliers,412975,4,2:49,16,201935,James Harden,Cavaliers,326.98,516.0,0.0,240.419,164.455,90.902,13.39,1641796,Pelle Larsson,7.674,13.122,6.561,175.46,49.5,53.14
nba_game_0022501055_processed.parquet,Cavaliers,424479,4,1:01,14,1630241,Sam Merrill,Cavaliers,319.35,516.0,0.0,331.063,251.022,92.639,9.96,1626181,Norman Powell,5.419,9.201,4.6,179.76,43.08,61.03
nba_game_0022501055_processed.parquet,Cavaliers,425532,4,45.1,14,1631165,Keon Ellis,Cavaliers,338.23,516.0,0.0,185.379,34.573,91.297,11.72,1630558,Davion Mitchell,4.458,10.3,5.15,158.66,41.16,64.4
nba_game_0022501083_processed.parquet,Pacers,3867,1,10:59,18,1629614,Andrew Nembhard,Pacers,346.18,-516.0,0.0,-271.457,42.5,90.154,14.47,1630558,Davion Mitchell,5.166,1.617,0.808,177.54,37.43,37.98
nba_game_0022501083_processed.parquet,Pacers,25357,1,8:32,17,1630695,Micah Potter,Pacers,287.55,-516.0,0.0,-436.797,272.933,90.833,8.02,1628389,Bam Adebayo,5.551,0.851,0.425,171.3,33.24,33.76
nba_game_0022501083_processed.parquet,Pacers,30478,1,7:43,10,1641771,Jalen Slawson,Pacers,335.26,-516.0,0.0,-265.188,-204.985,91.449,9.42,1630558,Davion Mitchell,5.831,8.57,4.285,159.2,17.59,59.25
nba_game_0022501083_processed.parquet,Pacers,50635,1,6:07,13,1630695,Micah Potter,Pacers,275.49,-516.0,0.0,-519.34,-272.854,90.726,9.64,1628389,Bam Adebayo,9.685,5.605,2.803,178.06,16.28,35.69
nba_game_0022501083_processed.parquet,Pacers,55601,1,5:44,12,1630695,Micah Potter,Pacers,287.2,-516.0,0.0,-428.673,-269.333,90.446,10.87,203952,Andrew Wiggins,5.973,7.321,3.66,163.1,35.79,56.55
nba_game_0022501083_processed.parquet,Pacers,59781,1,4:34,10,204456,T.J. McConnell,Pacers,309.75,-516.0,0.0,-304.058,-203.054,94.017,10.8,203952,Andrew Wiggins,6.35,3.243,1.622,168.31,40.77,39.94
nba_game_0022501083_processed.parquet,Pacers,61452,1,4:06,14,1630695,Micah Potter,Pacers,277.93,-516.0,0.0,-484.334,-274.0,92.409,10.85,1628389,Bam Adebayo,4.15,4.088,2.044,163.58,44.64,50.8
nba_game_0022501083_processed.parquet,Pacers,74629,1,3:33,15,1630695,Micah Potter,Pacers,287.19,-516.0,0.0,-459.769,277.454,92.469,9.68,1642276,Kel'el Ware,5.32,8.738,4.369,163.82,32.29,61.38
nba_game_0022501083_processed.parquet,Pacers,80224,1,2:49,12,204456,T.J. McConnell,Pacers,312.24,-516.0,0.0,-265.307,-159.51,91.532,8.04,1631323,Simone Fontecchio,16.882,4.353,2.176,128.06,4.88,20.39
nba_game_0022501083_processed.parquet,Pacers,113589,2,10:56,10,1641738,Kobe Brown,Pacers,326.72,-516.0,0.0,-206.512,83.504,91.717,9.33,1642276,Kel'el Ware,6.813,13.637,6.819,146.68,40.27,56.15
nba_game_0022501083_processed.parquet,Pacers,120405,2,9:56,9,1627783,Pascal Siakam,Pacers,279.49,-516.0,0.0,-496.595,-269.499,90.198,8.01,1631323,Simone Fontecchio,7.06,14.522,7.261,133.42,11.17,49.6
nba_game_0022501083_processed.parquet,Pacers,125004,2,9:35,14,1630679,Ethan Thompson,Pacers,275.19,-516.0,0.0,-514.364,-268.389,90.284,15.82,1631323,Simone Fontecchio,7.948,13.948,6.974,110.67,43.1,52.18
nba_game_0022501083_processed.parquet,Pacers,126756,2,9:06,17,1630167,Obi Toppin,Pacers,340.54,-516.0,0.0,-231.092,170.614,91.324,11.0,1631323,Simone Fontecchio,7.03,5.215,2.608,167.2,35.77,44.95
nba_game_0022501083_processed.parquet,Pacers,135501,2,7:47,16,1630167,Obi Toppin,Pacers,325.04,-516.0,0.0,-238.037,-146.489,92.005,9.42,1642857,Kasparas Jakucionis,6.174,12.012,6.006,165.38,46.38,58.39
nba_game_0022501083_processed.parquet,Pacers,158470,2,6:18,13,1627783,Pascal Siakam,Pacers,317.32,-516.0,0.0,-305.767,226.791,90.165,9.45,1628389,Bam Adebayo,8.275,5.534,2.767,170.16,35.6,41.79
nba_game_0022501083_processed.parquet,Pacers,160697,2,6:04,17,1627783,Pascal Siakam,Pacers,336.81,-516.0,0.0,-187.538,20.624,90.785,7.9,203952,Andrew Wiggins,7.956,4.65,2.325,150.46,27.27,39.59
nba_game_0022501083_processed.parquet,Pacers,175243,2,5:04,21,1630167,Obi Toppin,Pacers,317.88,-516.0,0.0,-336.109,244.8,92.881,9.43,203952,Andrew Wiggins,8.003,6.384,3.192,173.7,41.6,45.93
nba_game_0022501083_processed.parquet,Pacers,194427,2,2:57,15,1630695,Micah Potter,Pacers,273.83,-516.0,0.0,-475.06,-267.357,91.801,13.69,1628389,Bam Adebayo,9.418,12.586,6.293,169.87,32.75,47.04
nba_game_0022501083_processed.parquet,Pacers,198419,2,1:51,19,1629614,Andrew Nembhard,Pacers,329.61,-516.0,0.0,-209.406,78.024,90.33,11.9,1628389,Bam Adebayo,5.718,0.456,0.228,169.88,35.05,31.7
nba_game_0022501083_processed.parquet,Pacers,205593,2,1:47,16,1641738,Kobe Brown,Pacers,276.17,-516.0,0.0,-512.591,-268.888,91.241,9.64,1630558,Davion Mitchell,5.236,16.451,8.225,123.58,41.0,61.67
nba_game_0022501083_processed.parquet,Pacers,206853,2,1:26,17,1627783,Pascal Siakam,Pacers,321.25,-516.0,0.0,-206.097,-45.888,92.063,6.98,203952,Andrew Wiggins,4.328,7.135,3.568,179.3,45.25,61.61
nba_game_0022501083_processed.parquet,Pacers,213423,2,29.3,2.4,1630679,Ethan Thompson,Pacers,303.21,-516.0,0.0,-307.121,221.97,91.139,9.04,1630558,Davion Mitchell,3.581,1.754,0.877,155.2,22.41,44.05
nba_game_0022501083_processed.parquet,Pacers,220318,3,11:04,13,1629614,Andrew Nembhard,Pacers,276.09,516.0,0.0,506.975,256.939,94.663,14.63,203952,Andrew Wiggins,5.561,7.121,3.56,151.82,42.16,57.24
nba_game_0022501083_processed.parquet,Pacers,222913,3,10:21,5,1627783,Pascal Siakam,Pacers,274.78,516.0,0.0,318.261,-183.882,91.859,6.85,203952,Andrew Wiggins,5.086,1.455,0.728,177.16,38.2,37.66
nba_game_0022501083_processed.parquet,Pacers,234631,3,8:35,12,1629614,Andrew Nembhard,Pacers,333.38,516.0,0.0,206.819,14.968,91.649,10.65,203952,Andrew Wiggins,5.863,13.687,6.843,52.49,29.67,67.82
nba_game_0022501083_processed.parquet,Pacers,266144,3,5:04,10,1629614,Andrew Nembhard,Pacers,351.52,516.0,0.0,231.007,-95.023,91.539,12.2,1631170,Jaime Jaquez Jr.,4.402,5.238,2.619,173.55,18.58,54.23
nba_game_0022501083_processed.parquet,Pacers,267947,3,4:34,17,1629614,Andrew Nembhard,Pacers,317.08,516.0,0.0,274.907,-173.9,91.745,10.21,1629639,Tyler Herro,7.365,10.074,5.037,176.01,45.09,54.22
nba_game_0022501083_processed.parquet,Pacers,282835,3,1:39,12,1641738,Kobe Brown,Pacers,322.73,516.0,0.0,309.641,-237.307,91.026,10.69,1631170,Jaime Jaquez Jr.,8.359,13.871,6.936,173.59,29.76,50.75
nba_game_0022501083_processed.parquet,Pacers,297541,3,1:04,17,1629614,Andrew Nembhard,Pacers,318.1,516.0,0.0,282.327,-183.225,93.023,8.11,1631170,Jaime Jaquez Jr.,7.437,10.746,5.373,148.7,45.56,53.97
nba_game_0022501083_processed.parquet,Pacers,301422,3,5.6,2.8,1641738,Kobe Brown,Pacers,283.9,516.0,0.0,466.596,-269.817,91.862,15.8,1642857,Kasparas Jakucionis,6.238,11.985,5.992,173.82,34.66,58.17
nba_game_0022501083_processed.parquet,Pacers,318347,4,10:10,13,204456,T.J. McConnell,Pacers,304.33,516.0,0.0,318.276,209.5,92.812,16.23,1641796,Pelle Larsson,15.862,0.461,0.231,172.03,7.66,8.11
nba_game_0022501083_processed.parquet,Pacers,324027,4,8:49,4.9,1641767,Ben Sheppard,Pacers,271.52,516.0,0.0,504.561,-260.128,92.558,15.02,1642857,Kasparas Jakucionis,13.862,-0.372,-0.186,109.93,11.74,9.79
nba_game_0022501083_processed.parquet,Pacers,338015,4,7:55,8,1630643,Jay Huff,Pacers,279.59,516.0,0.0,482.758,265.762,90.543,13.13,1642857,Kasparas Jakucionis,5.612,13.362,6.681,114.56,39.86,60.36
nba_game_0022501083_processed.parquet,Pacers,346876,4,6:25,17,1641771,Jalen Slawson,Pacers,275.94,516.0,0.0,449.693,-258.571,90.568,11.3,1631170,Jaime Jaquez Jr.,10.95,10.076,5.038,169.91,1.16,30.97
nba_game_0022501083_processed.parquet,Pacers,347230,4,6:19,11,1627783,Pascal Siakam,Pacers,277.22,516.0,0.0,465.031,-264.494,90.069,8.94,1641796,Pelle Larsson,6.244,8.526,4.263,171.04,8.59,50.3
nba_game_0022501083_processed.parquet,Pacers,366395,4,4:27,3.3,1629614,Andrew Nembhard,Pacers,370.12,516.0,0.0,187.924,115.442,93.866,15.88,1629639,Tyler Herro,6.113,4.263,2.131,151.99,35.0,44.59
nba_game_0022501083_processed.parquet,Pacers,376652,4,3:24,10,1630643,Jay Huff,Pacers,268.95,516.0,0.0,495.797,-255.828,92.069,13.25,1628389,Bam Adebayo,7.846,12.146,6.073,144.57,42.91,52.54
nba_game_0022501083_processed.parquet,Pacers,385672,4,2:05,1.8,1629614,Andrew Nembhard,Pacers,308.3,516.0,0.0,237.559,116.357,90.452,10.6,1630558,Davion Mitchell,1.633,2.782,1.391,169.3,45.63,54.72
nba_game_0022501091_processed.parquet,76ers,3697,1,10:59,9,203954,Joel Embiid,76ers,314.92,-516.0,0.0,-212.564,35.01,92.217,9.37,1628389,Bam Adebayo,4.199,0.224,0.112,177.47,44.49,36.14
nba_game_0022501091_processed.parquet,76ers,15820,1,8:35,17,202331,Paul George,76ers,288.18,-516.0,0.0,-440.336,-277.026,90.127,12.07,203952,Andrew Wiggins,5.302,11.007,5.504,151.8,40.45,61.44
nba_game_0022501091_processed.parquet,76ers,27275,1,7:06,20,202331,Paul George,76ers,433.68,-516.0,0.0,-149.607,144.813,90.728,13.65,203952,Andrew Wiggins,10.1,-8.062,-4.031,177.81,18.42,15.0
nba_game_0022501091_processed.parquet,76ers,28325,1,6:48,20,1630178,Tyrese Maxey,76ers,391.48,-516.0,0.0,-206.51,215.884,90.618,11.22,203952,Andrew Wiggins,7.373,-1.567,-0.783,175.26,12.22,19.38
nba_game_0022501091_processed.parquet,76ers,32789,1,5:35,19,202331,Paul George,76ers,294.32,-516.0,0.0,-403.587,273.124,91.279,17.84,203952,Andrew Wiggins,8.576,-0.457,-0.229,99.51,10.23,13.51
nba_game_0022501091_processed.parquet,76ers,45751,1,5:34,17,203954,Joel Embiid,76ers,275.6,-516.0,0.0,-507.16,266.117,92.356,9.48,1628389,Bam Adebayo,5.102,5.249,2.625,140.04,50.01,51.83
nba_game_0022501091_processed.parquet,76ers,54044,1,4:32,6,1642845,VJ Edgecombe,76ers,278.89,-516.0,0.0,-507.79,-270.42,93.732,9.34,1628389,Bam Adebayo,7.415,14.234,7.117,121.23,37.34,54.05
nba_game_0022501091_processed.parquet,76ers,55597,1,4:06,19,202331,Paul George,76ers,314.55,-516.0,0.0,-235.305,137.997,91.932,16.55,1631170,Jaime Jaquez Jr.,4.875,4.885,2.443,163.93,38.72,51.26
nba_game_0022501091_processed.parquet,76ers,57739,1,3:31,7,1626162,Kelly Oubre Jr.,76ers,311.4,-516.0,0.0,-295.054,-212.347,90.394,12.33,1631170,Jaime Jaquez Jr.,5.084,9.709,4.855,139.41,34.36,62.21
nba_game_0022501091_processed.parquet,76ers,62619,1,2:40,10,1629656,Quentin Grimes,76ers,316.14,-516.0,0.0,-320.4,246.978,90.995,6.8,1630696,Dru Smith,4.279,14.171,7.085,138.32,34.58,65.02
nba_game_0022501091_processed.parquet,76ers,82287,1,1:37,21,1630178,Tyrese Maxey,76ers,322.52,-516.0,0.0,-307.47,134.272,91.015,16.06,1628389,Bam Adebayo,11.818,-6.085,-3.043,171.46,5.23,4.36
nba_game_0022501091_processed.parquet,76ers,84189,1,1:06,6,1642845,VJ Edgecombe,76ers,277.12,-516.0,0.0,-494.926,-269.047,90.349,9.04,1628389,Bam Adebayo,10.097,11.996,5.998,152.21,38.31,45.0
nba_game_0022501091_processed.parquet,76ers,96810,1,3.6,,202331,Paul George,76ers,325.89,-516.0,0.0,-302.433,246.013,92.39,11.61,203952,Andrew Wiggins,6.323,14.524,7.262,177.38,43.97,57.87
nba_game_0022501091_processed.parquet,76ers,111051,2,11:48,12,1630178,Tyrese Maxey,76ers,273.09,-516.0,0.0,-300.139,-145.81,90.986,11.58,1641796,Pelle Larsson,6.233,7.022,3.511,164.73,41.69,54.52
nba_game_0022501091_processed.parquet,76ers,112914,2,11:16,15,202331,Paul George,76ers,304.93,-516.0,0.0,-303.796,-218.471,91.051,8.81,203952,Andrew Wiggins,4.72,10.696,5.348,55.0,39.52,71.26
nba_game_0022501091_processed.parquet,76ers,115561,2,10:32,5,202331,Paul George,76ers,303.06,-516.0,0.0,-388.931,-277.017,90.321,17.14,1631323,Simone Fontecchio,4.103,4.4,2.2,177.81,42.91,52.14
nba_game_0022501091_processed.parquet,76ers,117022,2,10:08,16,1630178,Tyrese Maxey,76ers,461.4,-516.0,0.0,-122.877,8.634,93.493,16.16,1641796,Pelle Larsson,9.171,-0.768,-0.384,171.71,12.46,13.28
nba_game_0022501091_processed.parquet,76ers,120399,2,9:12,8,1630178,Tyrese Maxey,76ers,300.76,-516.0,0.0,-406.964,266.002,90.598,13.19,1641796,Pelle Larsson,5.31,0.005,0.003,161.54,34.59,31.43
nba_game_0022501091_processed.parquet,76ers,134945,2,7:57,14,1626162,Kelly Oubre Jr.,76ers,282.86,-516.0,0.0,-505.638,275.519,91.97,17.2,1630558,Davion Mitchell,3.758,7.263,3.631,167.81,35.22,64.08
nba_game_0022501091_processed.parquet,76ers,162570,2,5:53,1.4,1629656,Quentin Grimes,76ers,279.1,-516.0,0.0,-470.976,-273.136,90.691,12.13,1628389,Bam Adebayo,10.235,6.368,3.184,179.66,25.0,38.88
nba_game_0022501091_processed.parquet,76ers,198847,2,1:04,9,202331,Paul George,76ers,274.41,-516.0,0.0,-537.47,-271.656,90.179,13.76,1630558,Davion Mitchell,7.869,2.878,1.439,166.17,14.47,30.31
nba_game_0022501091_processed.parquet,76ers,212257,3,11:19,5,1630178,Tyrese Maxey,76ers,319.74,516.0,0.0,259.661,-163.014,90.226,8.79,1641796,Pelle Larsson,7.802,8.271,4.135,147.48,38.17,52.69
nba_game_0022501091_processed.parquet,76ers,232654,3,8:13,14,203954,Joel Embiid,76ers,315.64,516.0,0.0,236.871,-115.72,90.728,7.89,203952,Andrew Wiggins,6.387,9.957,4.978,174.36,19.94,57.64
nba_game_0022501091_processed.parquet,76ers,271485,3,5:27,8,1629656,Quentin Grimes,76ers,276.05,516.0,0.0,464.453,-270.748,90.274,14.08,1641796,Pelle Larsson,4.541,6.477,3.238,177.43,44.65,58.39
nba_game_0022501091_processed.parquet,76ers,307444,3,1:42,19,202331,Paul George,76ers,295.19,516.0,0.0,410.636,-275.821,91.883,8.94,203952,Andrew Wiggins,6.895,10.05,5.025,173.94,39.2,55.87
nba_game_0022501091_processed.parquet,76ers,337985,3,11.7,5,1630178,Tyrese Maxey,76ers,359.08,516.0,0.0,192.53,-114.169,90.687,11.37,203952,Andrew Wiggins,6.297,2.575,1.287,177.46,26.63,37.61
nba_game_0022501091_processed.parquet,76ers,358577,4,11:43,18,1630178,Tyrese Maxey,76ers,351.13,516.0,0.0,200.674,123.95,91.69,8.48,1631170,Jaime Jaquez Jr.,5.629,10.174,5.087,51.81,0.18,53.94
nba_game_0022501091_processed.parquet,76ers,376095,4,8:32,7,1626162,Kelly Oubre Jr.,76ers,328.75,516.0,0.0,244.309,176.18,90.271,10.82,1631170,Jaime Jaquez Jr.,6.496,13.056,6.528,146.59,29.33,57.26
nba_game_0022501091_processed.parquet,76ers,377431,4,8:10,20,1630178,Tyrese Maxey,76ers,374.68,516.0,0.0,162.482,83.523,90.376,8.65,1630558,Davion Mitchell,6.304,0.51,0.255,179.77,37.93,29.85
nba_game_0022501091_processed.parquet,76ers,417757,4,5:34,12,1630178,Tyrese Maxey,76ers,365.16,516.0,0.0,167.526,43.447,91.254,9.5,1641796,Pelle Larsson,7.56,7.564,3.782,160.01,38.17,51.91
nba_game_0022501091_processed.parquet,76ers,423835,4,4:09,11,1630178,Tyrese Maxey,76ers,366.09,516.0,0.0,164.671,-30.309,91.039,8.94,1641796,Pelle Larsson,7.781,2.699,1.35,151.45,30.17,32.89
nba_game_0022501091_processed.parquet,76ers,436238,4,3:24,12,203954,Joel Embiid,76ers,313.01,516.0,0.0,291.516,202.751,90.167,11.16,1629639,Tyler Herro,8.532,-6.426,-3.213,113.45,14.02,16.82
nba_game_0022501091_processed.parquet,76ers,451444,4,55.6,17,1642845,VJ Edgecombe,76ers,319.78,516.0,0.0,313.607,-235.856,91.403,12.91,203952,Andrew Wiggins,7.533,3.243,1.621,135.76,15.58,33.78
nba_game_0022501106_processed.parquet,Celtics,5219,1,10:34,15,1627759,Jaylen Brown,Celtics,299.1,-516.0,0.0,-383.241,-265.616,91.49,11.74,203952,Andrew Wiggins,5.149,0.539,0.269,179.09,16.5,32.75
nba_game_0022501106_processed.parquet,Celtics,23181,1,8:29,13,1628369,Jayson Tatum,Celtics,306.85,-516.0,0.0,-210.736,18.773,92.127,8.8,1641796,Pelle Larsson,4.626,10.278,5.139,149.16,47.56,63.81
nba_game_0022501106_processed.parquet,Celtics,33102,1,6:42,3.7,1630573,Sam Hauser,Celtics,271.23,-516.0,0.0,-501.432,264.119,91.49,9.38,203952,Andrew Wiggins,7.318,14.384,7.192,162.52,40.08,54.39
nba_game_0022501106_processed.parquet,Celtics,49499,1,5:58,9,1631248,Baylor Scheierman,Celtics,297.48,-516.0,0.0,-402.354,-264.142,91.875,9.71,1642276,Kel'el Ware,7.479,8.579,4.289,172.87,47.97,53.82
nba_game_0022501106_processed.parquet,Celtics,56360,1,4:55,4.4,1630202,Payton Pritchard,Celtics,358.82,-516.0,0.0,-224.229,-180.326,90.083,11.35,1641796,Pelle Larsson,7.514,9.154,4.577,156.34,43.9,53.7
nba_game_0022501106_processed.parquet,Celtics,61545,1,4:14,17,1630573,Sam Hauser,Celtics,305.67,-516.0,0.0,-342.846,-241.583,92.78,8.66,1630558,Davion Mitchell,5.11,9.935,4.968,91.69,32.44,62.11
nba_game_0022501106_processed.parquet,Celtics,62716,1,3:54,20,1630202,Payton Pritchard,Celtics,500.1,-516.0,0.0,-80.407,140.074,91.333,16.65,1629639,Tyler Herro,15.173,-6.419,-3.209,177.83,3.0,2.5
nba_game_0022501106_processed.parquet,Celtics,66459,1,3:41,13,1630573,Sam Hauser,Celtics,286.05,-516.0,0.0,-436.356,-267.825,91.004,14.66,1631170,Jaime Jaquez Jr.,6.175,12.057,6.028,159.41,46.74,58.39
nba_game_0022501106_processed.parquet,Celtics,84200,1,2:21,4.3,1630202,Payton Pritchard,Celtics,393.13,-516.0,0.0,-136.477,9.728,90.681,6.57,1630696,Dru Smith,5.528,3.802,1.901,168.55,40.76,44.91
nba_game_0022501106_processed.parquet,Celtics,84690,1,2:13,21,1630573,Sam Hauser,Celtics,296.65,-516.0,0.0,-409.671,269.767,92.15,11.13,1631170,Jaime Jaquez Jr.,6.826,11.418,5.709,157.45,17.72,55.87
nba_game_0022501106_processed.parquet,Celtics,86520,1,1:42,13,1627759,Jaylen Brown,Celtics,275.83,-516.0,0.0,-525.415,-272.434,91.412,8.85,1629639,Tyler Herro,4.366,10.326,5.163,161.86,5.64,54.42
nba_game_0022501106_processed.parquet,Celtics,87570,1,1:25,19,1627759,Jaylen Brown,Celtics,335.97,-516.0,0.0,-184.453,-41.668,90.889,9.9,1630696,Dru Smith,8.208,-0.939,-0.469,126.26,14.0,17.94
nba_game_0022501106_processed.parquet,Celtics,92381,1,1:05,18,1631248,Baylor Scheierman,Celtics,288.63,-516.0,0.0,-457.051,277.095,91.666,10.81,203952,Andrew Wiggins,6.185,14.464,7.232,143.59,27.06,58.35
nba_game_0022501106_processed.parquet,Celtics,95505,1,33.8,18,1630573,Sam Hauser,Celtics,270.9,-516.0,0.0,-524.216,263.504,92.192,10.96,1630696,Dru Smith,7.398,11.315,5.658,131.46,42.44,54.11
nba_game_0022501106_processed.parquet,Celtics,112056,2,11:43,7,1628401,Derrick White,Celtics,375.03,-516.0,0.0,-187.948,62.07,90.108,15.3,1631170,Jaime Jaquez Jr.,3.662,6.14,3.07,149.08,37.79,60.21
nba_game_0022501106_processed.parquet,Celtics,114758,2,10:58,21,1628369,Jayson Tatum,Celtics,343.71,-516.0,0.0,-171.191,4.023,91.354,8.08,1631170,Jaime Jaquez Jr.,7.565,15.454,7.727,50.29,13.16,58.32
nba_game_0022501106_processed.parquet,Celtics,121790,2,10:15,5,1630568,Luka Garza,Celtics,326.96,-516.0,0.0,-207.749,-87.818,91.584,8.51,1631170,Jaime Jaquez Jr.,6.1,12.297,6.148,138.03,38.91,58.65
nba_game_0022501106_processed.parquet,Celtics,126010,2,9:25,13,1630568,Luka Garza,Celtics,327.69,-516.0,0.0,-206.308,-92.208,91.823,10.02,1630558,Davion Mitchell,6.483,9.29,4.645,179.25,34.65,57.31
nba_game_0022501106_processed.parquet,Celtics,148928,2,7:31,12,1628369,Jayson Tatum,Celtics,362.98,-516.0,0.0,-166.921,-110.287,90.649,10.72,1628389,Bam Adebayo,5.591,-0.538,-0.269,173.69,44.06,30.43
nba_game_0022501106_processed.parquet,Celtics,162560,2,4:42,17,1627759,Jaylen Brown,Celtics,305.69,-516.0,0.0,-284.718,191.783,91.703,10.1,1628389,Bam Adebayo,7.028,2.119,1.059,171.82,35.52,33.35
nba_game_0022501106_processed.parquet,Celtics,182786,2,3:18,4.6,1630573,Sam Hauser,Celtics,297.61,-516.0,0.0,-379.816,254.568,92.191,8.44,1631170,Jaime Jaquez Jr.,5.683,8.247,4.124,125.09,43.73,60.11
nba_game_0022501106_processed.parquet,Celtics,191868,2,1:27,10,1628369,Jayson Tatum,Celtics,321.94,-516.0,0.0,-192.517,26.785,90.886,11.69,1628389,Bam Adebayo,5.88,3.815,1.908,165.03,43.88,43.73
nba_game_0022501106_processed.parquet,Celtics,201114,2,3.5,,1628401,Derrick White,Celtics,377.96,-516.0,0.0,-168.066,-113.905,90.427,15.04,1631170,Jaime Jaquez Jr.,13.592,1.329,0.664,139.76,0.05,5.03
nba_game_0022501106_processed.parquet,Celtics,265774,3,10:48,5,1628401,Derrick White,Celtics,354.92,516.0,0.0,272.631,-244.044,91.198,9.39,1628389,Bam Adebayo,8.821,12.029,6.014,177.61,26.15,49.13
nba_game_0022501106_processed.parquet,Celtics,268143,3,10:09,1.1,1628369,Jayson Tatum,Celtics,356.42,516.0,0.0,218.126,201.063,90.061,13.2,1628389,Bam Adebayo,3.625,3.218,1.609,140.8,31.5,49.38
nba_game_0022501106_processed.parquet,Celtics,281462,3,8:48,15,1627759,Jaylen Brown,Celtics,282.41,516.0,0.0,505.363,-277.168,91.653,13.42,203952,Andrew Wiggins,7.952,13.146,6.573,143.21,41.77,52.17
nba_game_0022501106_processed.parquet,Celtics,308193,3,6:37,5,1628369,Jayson Tatum,Celtics,288.94,516.0,0.0,463.867,285.014,91.383,9.46,1629639,Tyler Herro,3.283,2.117,1.058,155.15,36.28,46.45
nba_game_0022501106_processed.parquet,Celtics,331046,3,4:29,17,1627759,Jaylen Brown,Celtics,281.12,516.0,0.0,473.743,273.453,90.61,12.33,1629639,Tyler Herro,3.626,5.859,2.929,160.39,16.17,57.75
nba_game_0022501106_processed.parquet,Celtics,334725,3,4:04,8,1630202,Payton Pritchard,Celtics,329.65,516.0,0.0,205.078,-66.134,90.411,10.62,1630558,Davion Mitchell,6.934,15.863,7.932,153.74,42.59,55.73
nba_game_0022501106_processed.parquet,Celtics,337672,3,3:22,17,1630202,Payton Pritchard,Celtics,281.38,516.0,0.0,521.333,265.393,91.753,12.49,1630558,Davion Mitchell,6.458,15.967,7.983,141.64,43.67,57.4
nba_game_0022501106_processed.parquet,Celtics,339648,3,2:49,9,1630568,Luka Garza,Celtics,317.08,516.0,0.0,253.012,172.072,91.149,13.12,1641796,Pelle Larsson,8.533,7.954,3.977,129.27,2.61,37.14
nba_game_0022501106_processed.parquet,Celtics,345227,3,1:16,10,1630568,Luka Garza,Celtics,321.96,516.0,0.0,260.106,-186.945,92.372,7.96,1631170,Jaime Jaquez Jr.,6.664,13.523,6.762,139.71,40.01,56.68
nba_game_0022501106_processed.parquet,Celtics,346929,3,50.9,11,1630202,Payton Pritchard,Celtics,337.18,516.0,0.0,329.549,266.125,90.828,12.82,1631170,Jaime Jaquez Jr.,5.161,11.362,5.681,145.7,37.22,61.93
nba_game_0022501106_processed.parquet,Celtics,348229,3,32.0,18,1628369,Jayson Tatum,Celtics,383.06,516.0,0.0,213.299,235.644,90.262,17.22,1629639,Tyler Herro,6.705,0.364,0.182,149.75,27.47,27.9
nba_game_0022501106_processed.parquet,Celtics,390709,4,9:39,15,1628369,Jayson Tatum,Celtics,314.15,516.0,0.0,251.818,172.534,90.166,13.9,203952,Andrew Wiggins,5.003,7.202,3.601,124.07,36.12,59.5
nba_game_0022501106_processed.parquet,Celtics,420063,4,6:54,7,1630202,Payton Pritchard,Celtics,282.46,516.0,0.0,505.876,265.852,92.16,13.86,1628389,Bam Adebayo,8.022,15.914,7.957,178.02,34.44,51.92
nba_game_0022501106_processed.parquet,Celtics,437771,4,3:34,3.7,1630202,Payton Pritchard,Celtics,307.16,516.0,0.0,306.435,209.781,91.38,8.22,1628389,Bam Adebayo,8.238,0.394,0.197,126.12,26.85,22.64
nba_game_0022501106_processed.parquet,Celtics,443717,4,2:47,16,1628369,Jayson Tatum,Celtics,363.39,516.0,0.0,162.237,-83.264,92.191,16.29,1641796,Pelle Larsson,5.375,4.851,2.425,151.69,46.9,49.38
nba_game_0022501106_processed.parquet,Celtics,463722,4,2:08,9,1627759,Jaylen Brown,Celtics,349.13,516.0,0.0,172.499,37.239,90.057,8.21,203952,Andrew Wiggins,5.362,1.065,0.532,165.3,36.56,35.23
nba_game_0022501106_processed.parquet,Celtics,467282,4,1:14,7,1627759,Jaylen Brown,Celtics,317.86,516.0,0.0,266.145,-190.448,91.19,9.91,1641796,Pelle Larsson,3.775,10.312,5.156,175.82,49.12,66.79
nba_game_0022501201_processed.parquet,Magic,54827,1,4:58,5,1641783,Tristan da Silva,Magic,277.28,516.0,0.0,512.718,269.267,92.448,11.84,1629639,Tyler Herro,4.544,8.996,4.498,144.12,35.31,64.1
nba_game_0022501201_processed.parquet,Magic,62389,1,3:40,5,1626145,Tyus Jones,Magic,314.3,516.0,0.0,240.936,140.41,90.353,11.93,203952,Andrew Wiggins,7.782,14.751,7.376,143.79,39.02,52.76
nba_game_0022501201_processed.parquet,Magic,84011,1,2:21,15,1630217,Desmond Bane,Magic,304.54,516.0,0.0,232.587,-102.246,90.652,11.45,1642276,Kel'el Ware,8.968,1.93,0.965,172.32,-2.35,10.85
nba_game_0022501201_processed.parquet,Magic,91665,1,1:41,24,1630217,Desmond Bane,Magic,336.44,516.0,0.0,210.307,-131.671,92.003,8.62,1642276,Kel'el Ware,7.254,-0.386,-0.193,148.43,1.02,10.46
nba_game_0022501201_processed.parquet,Magic,93927,1,1:32,19,1629048,Goga Bitadze,Magic,319.65,516.0,0.0,198.28,-6.211,91.125,11.05,1642276,Kel'el Ware,5.246,-0.988,-0.494,134.12,0.35,16.93
nba_game_0022501201_processed.parquet,Magic,130526,2,11:25,3.8,1630591,Jalen Suggs,Magic,351.53,516.0,0.0,313.354,275.279,92.664,13.41,1626181,Norman Powell,6.608,11.171,5.586,158.25,39.12,56.87
nba_game_0022501201_processed.parquet,Magic,134147,2,10:40,3.9,1630217,Desmond Bane,Magic,288.07,516.0,0.0,438.368,-273.127,92.771,14.73,1631170,Jaime Jaquez Jr.,4.371,-2.574,-1.287,127.4,36.44,34.7
nba_game_0022501201_processed.parquet,Magic,174336,2,6:10,9,1630217,Desmond Bane,Magic,306.92,516.0,0.0,342.222,245.362,91.396,12.36,1628389,Bam Adebayo,8.844,13.387,6.694,159.62,40.23,49.05
nba_game_0022501201_processed.parquet,Magic,176840,2,5:28,8,1630591,Jalen Suggs,Magic,347.03,516.0,0.0,202.259,-126.314,90.779,10.83,203952,Andrew Wiggins,8.049,6.834,3.417,173.31,35.22,47.46
nba_game_0022501201_processed.parquet,Magic,213073,2,1:59,19,1631094,Paolo Banchero,Magic,295.7,516.0,0.0,409.457,272.081,90.251,15.2,203952,Andrew Wiggins,4.912,5.471,2.736,168.67,44.18,53.32
nba_game_0022501201_processed.parquet,Magic,229979,2,36.7,6,1631094,Paolo Banchero,Magic,316.84,516.0,0.0,322.742,-245.262,91.101,13.0,1630558,Davion Mitchell,6.3,11.793,5.897,164.13,39.99,57.95
nba_game_0022501201_processed.parquet,Magic,243099,3,10:31,1.6,1630591,Jalen Suggs,Magic,424.61,-516.0,0.0,-105.07,-24.302,91.195,11.71,1626181,Norman Powell,8.664,8.567,4.283,153.89,27.67,49.68
nba_game_0022501201_processed.parquet,Magic,244592,3,10:06,11,1628976,Wendell Carter Jr.,Magic,278.84,-516.0,0.0,-523.873,-275.968,90.863,12.68,1628389,Bam Adebayo,9.215,12.226,6.113,163.26,38.86,47.75
nba_game_0022501201_processed.parquet,Magic,252416,3,9:21,13,1631094,Paolo Banchero,Magic,280.18,-516.0,0.0,-485.634,275.713,90.537,17.4,203952,Andrew Wiggins,8.635,9.867,4.934,162.07,32.49,49.78
nba_game_0022501201_processed.parquet,Magic,267439,3,8:24,4.9,1630591,Jalen Suggs,Magic,279.15,-516.0,0.0,-526.82,-269.061,92.627,16.03,1629639,Tyler Herro,11.268,13.238,6.619,132.74,6.33,35.28
nba_game_0022501201_processed.parquet,Magic,276074,3,6:59,12,1641710,Anthony Black,Magic,281.52,-516.0,0.0,-484.308,-270.378,90.277,7.51,1628389,Bam Adebayo,7.324,11.733,5.867,162.93,28.05,54.37
nba_game_0022501201_processed.parquet,Magic,308125,3,4:15,14,1630217,Desmond Bane,Magic,305.24,-516.0,0.0,-271.939,179.179,91.418,10.86,1630696,Dru Smith,5.898,12.817,6.409,93.29,33.86,59.36
nba_game_0022501201_processed.parquet,Magic,326888,3,2:47,18,1628976,Wendell Carter Jr.,Magic,280.51,-516.0,0.0,-509.673,-278.74,91.801,16.27,1628389,Bam Adebayo,5.74,6.746,3.373,168.42,48.07,55.21
nba_game_0022501201_processed.parquet,Magic,336715,3,1:38,5,1630217,Desmond Bane,Magic,327.2,-516.0,0.0,-226.349,141.162,92.645,10.7,1630558,Davion Mitchell,9.583,-3.367,-1.684,85.62,6.0,7.43
nba_game_0022501201_processed.parquet,Magic,362469,4,11:43,7,1630217,Desmond Bane,Magic,308.36,-516.0,0.0,-383.311,276.116,91.856,14.14,1631170,Jaime Jaquez Jr.,3.966,10.002,5.001,155.49,48.41,66.12
nba_game_0022501201_processed.parquet,Magic,370993,4,9:57,6,1630217,Desmond Bane,Magic,336.19,-516.0,0.0,-207.649,-119.381,90.618,11.0,1630558,Davion Mitchell,12.983,11.621,5.81,150.54,16.56,43.8
nba_game_0022501201_processed.parquet,Magic,387544,4,8:58,19,1641783,Tristan da Silva,Magic,276.72,-516.0,0.0,-501.869,-265.825,90.52,13.64,1631170,Jaime Jaquez Jr.,7.402,11.313,5.657,152.74,2.01,40.77
nba_game_0022501201_processed.parquet,Magic,389618,4,8:23,12,1630217,Desmond Bane,Magic,354.28,-516.0,0.0,-201.956,154.939,90.436,12.65,203952,Andrew Wiggins,5.33,2.667,1.333,172.72,45.06,41.35
nba_game_0022501201_processed.parquet,Magic,405609,4,7:24,11,1641783,Tristan da Silva,Magic,286.18,-516.0,0.0,-439.567,-264.656,92.235,12.89,1628389,Bam Adebayo,5.98,8.948,4.474,164.13,44.25,59.07
